-- phpMyAdmin SQL Dump
-- version 3.3.9.2
-- http://www.phpmyadmin.net
--
-- Host: localhost
-- Generation Time: Aug 25, 2011 at 10:16 AM
-- Server version: 5.1.52
-- PHP Version: 5.3.3

SET SQL_MODE="NO_AUTO_VALUE_ON_ZERO";


/*!40101 SET @OLD_CHARACTER_SET_CLIENT=@@CHARACTER_SET_CLIENT */;
/*!40101 SET @OLD_CHARACTER_SET_RESULTS=@@CHARACTER_SET_RESULTS */;
/*!40101 SET @OLD_COLLATION_CONNECTION=@@COLLATION_CONNECTION */;
/*!40101 SET NAMES utf8 */;

--
-- Database: `admin-api-dev`
--

-- --------------------------------------------------------

--
-- Table structure for table `api_datacheck`
--

CREATE TABLE IF NOT EXISTS `api_datacheck` (
  `dc_index` int(10) NOT NULL AUTO_INCREMENT,
  `dc_field1` varchar(50) COLLATE utf8_unicode_ci DEFAULT NULL,
  `dc_field2` varchar(50) COLLATE utf8_unicode_ci DEFAULT NULL,
  `dc_field3` varchar(50) COLLATE utf8_unicode_ci DEFAULT NULL,
  `dc_field4` varchar(50) COLLATE utf8_unicode_ci DEFAULT NULL,
  `dc_field5` varchar(50) COLLATE utf8_unicode_ci DEFAULT NULL,
  `dc_field6` varchar(50) COLLATE utf8_unicode_ci DEFAULT NULL,
  PRIMARY KEY (`dc_index`)
) ENGINE=InnoDB  DEFAULT CHARSET=utf8 COLLATE=utf8_unicode_ci AUTO_INCREMENT=15 ;

--
-- Dumping data for table `api_datacheck`
--

INSERT INTO `api_datacheck` (`dc_index`, `dc_field1`, `dc_field2`, `dc_field3`, `dc_field4`, `dc_field5`, `dc_field6`) VALUES
(1, 'source_path', 'source_filename', 'destination_path', 'destination_path', NULL, NULL),
(2, 'source_path', 'destination_path', NULL, NULL, NULL, NULL),
(3, 'destination_path', 'destination_filename', NULL, NULL, NULL, NULL),
(4, 'destination_path', NULL, NULL, NULL, NULL, NULL),
(5, 'title', 'description', 'weburl', 'count', NULL, NULL),
(6, 'title', 'containerID', 'count', NULL, NULL, NULL),
(7, 'containerID', 'source_path', 'destination_path', 'filename', 'workflow', 'count'),
(8, 'containerID', 'mediaID', 'count', NULL, NULL, NULL),
(9, 'containerID', 'mediaID', 'filename', 'title', 'podcast_title', 'count'),
(10, 'containerID', 'status', 'error', 'count', NULL, NULL),
(11, 'containerID', 'mediaID', 'status', 'error', 'count', NULL),
(12, 'containerID', 'mediaID', 'url', 'status', 'error', 'count'),
(13, 'destination_path', 'destination_filename', 'meta_data', NULL, NULL, NULL),
(14, 'source_path', 'source_filename', 'destination_path', 'destination_path', 'workflow', 'podcast_item_id');

-- --------------------------------------------------------

--
-- Table structure for table `api_log`
--

CREATE TABLE IF NOT EXISTS `api_log` (
  `al_index` int(10) NOT NULL AUTO_INCREMENT,
  `al_message` text COLLATE utf8_unicode_ci,
  `al_reply` text COLLATE utf8_unicode_ci,
  `al_result_data` text COLLATE utf8_unicode_ci,
  `al_debug` text COLLATE utf8_unicode_ci NOT NULL,
  `al_dest` varchar(64) COLLATE utf8_unicode_ci NOT NULL,
  `al_timestamp` datetime DEFAULT NULL,
  PRIMARY KEY (`al_index`)
) ENGINE=InnoDB  DEFAULT CHARSET=utf8 COLLATE=utf8_unicode_ci AUTO_INCREMENT=165 ;

--
-- Dumping data for table `api_log`
--

INSERT INTO `api_log` (`al_index`, `al_message`, `al_reply`, `al_result_data`, `al_debug`, `al_dest`, `al_timestamp`) VALUES
(111, '{"command":"transfer-file-to-media-server","number":1,"data":[{"source_path":"1315/","destination_path":"1315/","source_filename":"htaccess","destination_filename":".htaccess"}],"timestamp":1314263463}', '{"command":"transfer-file-to-media-server","number":1,"data":"Queued admin-api!","status":"ACK","error":[""],"timestamp":1314263463,"mqIndex":12}', '', '', '', '2011-08-25 10:11:03'),
(112, '{"command":"transfer-file-to-media-server","number":1,"data":[{"source_path":"1311/","destination_path":"1311/","source_filename":"htaccess","destination_filename":".htaccess"}],"timestamp":1314263463}', '{"command":"transfer-file-to-media-server","number":1,"data":"Queued admin-api!","status":"ACK","error":[""],"timestamp":1314263463,"mqIndex":13}', '', '', '', '2011-08-25 10:11:03'),
(113, '{"command":"transfer-file-to-media-server","number":1,"data":[{"source_path":"1309/","destination_path":"1309/","source_filename":"htaccess","destination_filename":".htaccess"}],"timestamp":1314263463}', '{"command":"transfer-file-to-media-server","number":1,"data":"Queued admin-api!","status":"ACK","error":[""],"timestamp":1314263463,"mqIndex":14}', '', '', '', '2011-08-25 10:11:03'),
(114, '{"command":"transfer-file-to-media-server","number":1,"data":[{"source_path":"1308/","destination_path":"1308/","source_filename":"htaccess","destination_filename":".htaccess"}],"timestamp":1314263464}', '{"command":"transfer-file-to-media-server","number":1,"data":"Queued admin-api!","status":"ACK","error":[""],"timestamp":1314263464,"mqIndex":15}', '', '', '', '2011-08-25 10:11:04'),
(115, '{"command":"transfer-file-to-media-server","number":1,"data":[{"source_path":"1307/","destination_path":"1307/","source_filename":"htaccess","destination_filename":".htaccess"}],"timestamp":1314263464}', '{"command":"transfer-file-to-media-server","number":1,"data":"Queued admin-api!","status":"ACK","error":[""],"timestamp":1314263464,"mqIndex":16}', '', '', '', '2011-08-25 10:11:04'),
(116, '{"command":"transfer-file-to-media-server","number":1,"data":[{"source_path":"HelloWorld/","destination_path":"HelloWorld/","source_filename":"htaccess","destination_filename":".htaccess"}],"timestamp":1314263464}', '{"command":"transfer-file-to-media-server","number":1,"data":"Queued admin-api!","status":"ACK","error":[""],"timestamp":1314263464,"mqIndex":17}', '', '', '', '2011-08-25 10:11:04'),
(117, '{"command":"media-move-file","number":1,"data":{"source_path":"1315/","destination_path":"1315/","source_filename":"htaccess","destination_filename":".htaccess"},"cqIndex":"44","mqIndex":"12","step":"3","timestamp":1314263470}', '{"command":"media-move-file","number":1,"data":{"source_path":"1315/","destination_path":"1315/","source_filename":"htaccess","destination_filename":".htaccess"},"status":"ACK","error":""}', NULL, '', 'http://media-podcast-api-dev.open.ac.uk', '2011-08-25 10:11:10'),
(118, '{"command":"media-move-file","number":1,"data":{"source_path":"1311/","destination_path":"1311/","source_filename":"htaccess","destination_filename":".htaccess"},"cqIndex":"45","mqIndex":"13","step":"3","timestamp":1314263470}', '{"command":"media-move-file","number":1,"data":{"source_path":"1311/","destination_path":"1311/","source_filename":"htaccess","destination_filename":".htaccess"},"status":"ACK","error":""}', NULL, '', 'http://media-podcast-api-dev.open.ac.uk', '2011-08-25 10:11:10'),
(119, '{"command":"media-move-file","number":1,"data":{"source_path":"1309/","destination_path":"1309/","source_filename":"htaccess","destination_filename":".htaccess"},"cqIndex":"46","mqIndex":"14","step":"3","timestamp":1314263470}', '{"command":"media-move-file","number":1,"data":{"source_path":"1309/","destination_path":"1309/","source_filename":"htaccess","destination_filename":".htaccess"},"status":"ACK","error":""}', NULL, '', 'http://media-podcast-api-dev.open.ac.uk', '2011-08-25 10:11:10'),
(120, '{"command":"media-move-file","number":1,"data":{"source_path":"1308/","destination_path":"1308/","source_filename":"htaccess","destination_filename":".htaccess"},"cqIndex":"47","mqIndex":"15","step":"3","timestamp":1314263470}', '{"command":"media-move-file","number":1,"data":{"source_path":"1308/","destination_path":"1308/","source_filename":"htaccess","destination_filename":".htaccess"},"status":"ACK","error":""}', NULL, '', 'http://media-podcast-api-dev.open.ac.uk', '2011-08-25 10:11:10'),
(121, '{"command":"media-move-file","number":1,"data":{"source_path":"1307/","destination_path":"1307/","source_filename":"htaccess","destination_filename":".htaccess"},"cqIndex":"48","mqIndex":"16","step":"3","timestamp":1314263470}', '{"command":"media-move-file","number":1,"data":{"source_path":"1307/","destination_path":"1307/","source_filename":"htaccess","destination_filename":".htaccess"},"status":"ACK","error":""}', NULL, '', 'http://media-podcast-api-dev.open.ac.uk', '2011-08-25 10:11:10'),
(122, '{"command":"media-move-file","number":1,"data":{"source_path":"HelloWorld/","destination_path":"HelloWorld/","source_filename":"htaccess","destination_filename":".htaccess"},"cqIndex":"49","mqIndex":"17","step":"3","timestamp":1314263470}', '{"command":"media-move-file","number":1,"data":{"source_path":"HelloWorld/","destination_path":"HelloWorld/","source_filename":"htaccess","destination_filename":".htaccess"},"status":"ACK","error":""}', NULL, '', 'http://media-podcast-api-dev.open.ac.uk', '2011-08-25 10:11:10'),
(123, '{"command":"poll-media","number":1,"data":{"command":"poll_media"},"timestamp":1314263474}', '{"command":"poll-media","status":"Y","number":7,"timestamp":1314263474,"data":[{"source_path":"1315/","destination_path":"1315/","source_filename":"htaccess","destination_filename":".htaccess","cqIndex":"44","number":1,"result":"Y","debug":"eNp1zEEOAiEMBdCrTCZxCQ3KbMa91zCVflwiUYFMq1xc37hwY-I7wNM1LHGdSdiYBi70gBR2vUliNce9OMHLt47qOfnnjXK5w9nGVTM2EqiVylZapRjP4RCW3f50NU4JqpO16V_9044xKAOi9DnIf4v5-AYYiThu","status":"Y","mqIndex":"12","step":"3"},{"source_path":"1311/","destination_path":"1311/","source_filename":"htaccess","destination_filename":".htaccess","cqIndex":"45","number":1,"result":"Y","debug":"eNp1zEEKwjAQBdCrlILLZIi2m7r3GjJmfjCoSeiM5vrSRTeC71wwT5cwT8tIwsbUcaMXJLNrVVwiqzlu2Qk-vjYUz9G_H5TyE85WLpqwkkAtF7ZcXAtN8zWcQjgcL3fjGKE6WB3-1T9t750SIErbQX4vxvMXF2c4Zw,,","status":"Y","mqIndex":"13","step":"3"},{"source_path":"1309/","destination_path":"1309/","source_filename":"htaccess","destination_filename":".htaccess","cqIndex":"46","number":1,"result":"Y","debug":"eNp1zEEKwjAQBdCrlILLZKxWwbr3GmXM_GBQk9AZzfWLCzeC71wwT6fhME49CRtTw5WekMSuFgms5rgmXCd4-1KRPQf_ulNMDzhbOGvEQgK1lNlSyTQe52G_PW12l5txCFDtrHT_6p-2tUYREKXPQf5b9OcVGk04dg,,","status":"Y","mqIndex":"14","step":"3"},{"source_path":"1308/","destination_path":"1308/","source_filename":"htaccess","destination_filename":".htaccess","cqIndex":"47","number":1,"result":"Y","debug":"eNp1zEEKwjAQBdCrlILLZKxWlLr3GmXM_GBQk9AZzfWLCzeC71wwT6fhME49CRtTw5WekMSuFgms5rgmXCd4-1KRPQf_ulNMDzhbOGvEQgK1lNlSyTQe52G_PW12l5txCFDtrHT_6p-2tUYREKXPQf5b9OcVGkU4dQ,,","status":"Y","mqIndex":"15","step":"3"},{"source_path":"1307/","destination_path":"1307/","source_filename":"htaccess","destination_filename":".htaccess","cqIndex":"48","number":1,"result":"Y","debug":"eNp1zEEKwjAQBdCrlILLZKxWlLr3GmXM_GBQk9AZzfWLCzeC71wwT6fhME49CRtTw5WekMSuFgms5rgmXCd4-1KRPQf_ulNMDzhbOGvEQgK1lNlSyTSe5mG_PW52l5txCFDtrHT_6p-2tUYREKXPQf5b9OcVGj04dA,,","status":"Y","mqIndex":"16","step":"3"},{"source_path":"HelloWorld/","destination_path":"HelloWorld/","source_filename":"htaccess","destination_filename":".htaccess","cqIndex":"49","number":1,"result":"Y","debug":"eNp1zVEKwjAMXDDQq4yBn21QZOD8F2-wT8maFIu1KU1mr--XCIIXeE_n_TTNIxAaQucVnkwJXRUKqOawJkf88lK5eAx-e0BMmZ01LBq5AbFaKmhJChxPtyvnLIu0TLvD5W4YAqsOJsO_4AfvvUNkJoWvBP4Djec3Whg-2g,,","status":"Y","mqIndex":"17","step":"3"}]}', NULL, '', 'http://media-podcast-api-dev.open.ac.uk', '2011-08-25 10:11:14'),
(124, '{"command":"transfer-file-to-media-server","number":"1","failed":"0","data":[{"source_path":"1315/","destination_path":"1315/","source_filename":"htaccess","destination_filename":".htaccess","cqIndex":"44","number":1,"result":"Y","debug":"/data/web/media-podcast-api-dev.open.ac.uk/file-transfer/destination/44_1315%2Fhtaccess to /data/web/media-podcast-dev.open.ac.uk/www/feeds/1315/.htaccess","status":"Y","mqIndex":"12","step":"3"}],"timestamp":1314263476}', '{"status":"ACK","data ":"Message received","timestamp":1314263476}', '', '', 'http://podcast-admin-dev.open.ac.uk/callbacks/add/', '2011-08-25 10:11:16'),
(125, '{"command":"transfer-file-to-media-server","number":"1","failed":"0","data":[{"source_path":"1311/","destination_path":"1311/","source_filename":"htaccess","destination_filename":".htaccess","cqIndex":"45","number":1,"result":"Y","debug":"/data/web/media-podcast-api-dev.open.ac.uk/file-transfer/destination/45_1311%2Fhtaccess to /data/web/media-podcast-dev.open.ac.uk/www/feeds/1311/.htaccess","status":"Y","mqIndex":"13","step":"3"}],"timestamp":1314263476}', '{"status":"ACK","data ":"Message received","timestamp":1314263477}', '', '', 'http://podcast-admin-dev.open.ac.uk/callbacks/add/', '2011-08-25 10:11:17'),
(126, '{"command":"transfer-file-to-media-server","number":"1","failed":"0","data":[{"source_path":"1309/","destination_path":"1309/","source_filename":"htaccess","destination_filename":".htaccess","cqIndex":"46","number":1,"result":"Y","debug":"/data/web/media-podcast-api-dev.open.ac.uk/file-transfer/destination/46_1309%2Fhtaccess to /data/web/media-podcast-dev.open.ac.uk/www/feeds/1309/.htaccess","status":"Y","mqIndex":"14","step":"3"}],"timestamp":1314263477}', '{"status":"ACK","data ":"Message received","timestamp":1314263477}', '', '', 'http://podcast-admin-dev.open.ac.uk/callbacks/add/', '2011-08-25 10:11:17'),
(127, '{"command":"transfer-file-to-media-server","number":"1","failed":"0","data":[{"source_path":"1308/","destination_path":"1308/","source_filename":"htaccess","destination_filename":".htaccess","cqIndex":"47","number":1,"result":"Y","debug":"/data/web/media-podcast-api-dev.open.ac.uk/file-transfer/destination/47_1308%2Fhtaccess to /data/web/media-podcast-dev.open.ac.uk/www/feeds/1308/.htaccess","status":"Y","mqIndex":"15","step":"3"}],"timestamp":1314263477}', '{"status":"ACK","data ":"Message received","timestamp":1314263477}', '', '', 'http://podcast-admin-dev.open.ac.uk/callbacks/add/', '2011-08-25 10:11:17'),
(128, '{"command":"transfer-file-to-media-server","number":"1","failed":"0","data":[{"source_path":"1307/","destination_path":"1307/","source_filename":"htaccess","destination_filename":".htaccess","cqIndex":"48","number":1,"result":"Y","debug":"/data/web/media-podcast-api-dev.open.ac.uk/file-transfer/destination/48_1307%2Fhtaccess to /data/web/media-podcast-dev.open.ac.uk/www/feeds/1307/.htaccess","status":"Y","mqIndex":"16","step":"3"}],"timestamp":1314263477}', '{"status":"ACK","data ":"Message received","timestamp":1314263477}', '', '', 'http://podcast-admin-dev.open.ac.uk/callbacks/add/', '2011-08-25 10:11:17'),
(129, '{"command":"transfer-file-to-media-server","number":"1","failed":"0","data":[{"source_path":"HelloWorld/","destination_path":"HelloWorld/","source_filename":"htaccess","destination_filename":".htaccess","cqIndex":"49","number":1,"result":"Y","debug":"/data/web/media-podcast-api-dev.open.ac.uk/file-transfer/destination/49_HelloWorld%2Fhtaccess to /data/web/media-podcast-dev.open.ac.uk/www/feeds/HelloWorld/.htaccess","status":"Y","mqIndex":"17","step":"3"}],"timestamp":1314263477}', '{"status":"ACK","data ":"Message received","timestamp":1314263477}', '', '', 'http://podcast-admin-dev.open.ac.uk/callbacks/add/', '2011-08-25 10:11:17'),
(130, '{"command":"transfer-file-to-media-server","number":15,"data":[{"source_path":"1588_testofmetadatadeepencoding/3gp/","source_filename":"rss2.xml","destination_path":"1588_testofmetadatadeepencoding/3gp/","destination_filename":"rss2.xml"},{"source_path":"1588_testofmetadatadeepencoding/audio/","source_filename":"rss2.xml","destination_path":"1588_testofmetadatadeepencoding/audio/","destination_filename":"rss2.xml"},{"source_path":"1588_testofmetadatadeepencoding/desktop/","source_filename":"rss2.xml","destination_path":"1588_testofmetadatadeepencoding/desktop/","destination_filename":"rss2.xml"},{"source_path":"1588_testofmetadatadeepencoding/hd/","source_filename":"rss2.xml","destination_path":"1588_testofmetadatadeepencoding/hd/","destination_filename":"rss2.xml"},{"source_path":"1588_testofmetadatadeepencoding/iphone/","source_filename":"rss2.xml","destination_path":"1588_testofmetadatadeepencoding/iphone/","destination_filename":"rss2.xml"},{"source_path":"1588_testofmetadatadeepencoding/ipod/","source_filename":"rss2.xml","destination_path":"1588_testofmetadatadeepencoding/ipod/","destination_filename":"rss2.xml"},{"source_path":"1588_testofmetadatadeepencoding/large/","source_filename":"rss2.xml","destination_path":"1588_testofmetadatadeepencoding/large/","destination_filename":"rss2.xml"},{"source_path":"1588_testofmetadatadeepencoding/transcript/","source_filename":"rss2.xml","destination_path":"1588_testofmetadatadeepencoding/transcript/","destination_filename":"rss2.xml"},{"source_path":"1588_testofmetadatadeepencoding/youtube/","source_filename":"rss2.xml","destination_path":"1588_testofmetadatadeepencoding/youtube/","destination_filename":"rss2.xml"},{"source_path":"1588_testofmetadatadeepencoding/extra/","source_filename":"rss2.xml","destination_path":"1588_testofmetadatadeepencoding/extra/","destination_filename":"rss2.xml"},{"source_path":"1588_testofmetadatadeepencoding/","source_filename":"rss2.xml","destination_path":"1588_testofmetadatadeepencoding/","destination_filename":"rss2.xml"},{"source_path":"1588_testofmetadatadeepencoding/high/","source_filename":"rss2.xml","destination_path":"1588_testofmetadatadeepencoding/high/","destination_filename":"rss2.xml"},{"source_path":"1588_testofmetadatadeepencoding/ipod-all/","source_filename":"rss2.xml","destination_path":"1588_testofmetadatadeepencoding/ipod-all/","destination_filename":"rss2.xml"},{"source_path":"1588_testofmetadatadeepencoding/desktop-all/","source_filename":"rss2.xml","destination_path":"1588_testofmetadatadeepencoding/desktop-all/","destination_filename":"rss2.xml"},{"source_path":"1588_testofmetadatadeepencoding/epub/","source_filename":"rss2.xml","destination_path":"1588_testofmetadatadeepencoding/epub/","destination_filename":"rss2.xml"}],"timestamp":1314263485}', '{"command":"transfer-file-to-media-server","number":15,"data":"Queued admin-api!","status":"ACK","error":["","","","","","","","","","","","","","",""],"timestamp":1314263485,"mqIndex":18}', '', '', '', '2011-08-25 10:11:25'),
(131, '{"command":"media-move-file","number":1,"data":{"source_path":"1588_testofmetadatadeepencoding/3gp/","source_filename":"rss2.xml","destination_path":"1588_testofmetadatadeepencoding/3gp/","destination_filename":"rss2.xml"},"cqIndex":"50","mqIndex":"18","step":"3","timestamp":1314263490}', '{"command":"media-move-file","number":1,"data":{"source_path":"1588_testofmetadatadeepencoding/3gp/","source_filename":"rss2.xml","destination_path":"1588_testofmetadatadeepencoding/3gp/","destination_filename":"rss2.xml"},"status":"ACK","error":""}', NULL, '', 'http://media-podcast-api-dev.open.ac.uk', '2011-08-25 10:11:30'),
(132, '{"command":"media-move-file","number":1,"data":{"source_path":"1588_testofmetadatadeepencoding/audio/","source_filename":"rss2.xml","destination_path":"1588_testofmetadatadeepencoding/audio/","destination_filename":"rss2.xml"},"cqIndex":"51","mqIndex":"18","step":"3","timestamp":1314263490}', '{"command":"media-move-file","number":1,"data":{"source_path":"1588_testofmetadatadeepencoding/audio/","source_filename":"rss2.xml","destination_path":"1588_testofmetadatadeepencoding/audio/","destination_filename":"rss2.xml"},"status":"ACK","error":""}', NULL, '', 'http://media-podcast-api-dev.open.ac.uk', '2011-08-25 10:11:30'),
(133, '{"command":"media-move-file","number":1,"data":{"source_path":"1588_testofmetadatadeepencoding/desktop/","source_filename":"rss2.xml","destination_path":"1588_testofmetadatadeepencoding/desktop/","destination_filename":"rss2.xml"},"cqIndex":"52","mqIndex":"18","step":"3","timestamp":1314263490}', '{"command":"media-move-file","number":1,"data":{"source_path":"1588_testofmetadatadeepencoding/desktop/","source_filename":"rss2.xml","destination_path":"1588_testofmetadatadeepencoding/desktop/","destination_filename":"rss2.xml"},"status":"ACK","error":""}', NULL, '', 'http://media-podcast-api-dev.open.ac.uk', '2011-08-25 10:11:30'),
(134, '{"command":"media-move-file","number":1,"data":{"source_path":"1588_testofmetadatadeepencoding/hd/","source_filename":"rss2.xml","destination_path":"1588_testofmetadatadeepencoding/hd/","destination_filename":"rss2.xml"},"cqIndex":"53","mqIndex":"18","step":"3","timestamp":1314263490}', '{"command":"media-move-file","number":1,"data":{"source_path":"1588_testofmetadatadeepencoding/hd/","source_filename":"rss2.xml","destination_path":"1588_testofmetadatadeepencoding/hd/","destination_filename":"rss2.xml"},"status":"ACK","error":""}', NULL, '', 'http://media-podcast-api-dev.open.ac.uk', '2011-08-25 10:11:30'),
(135, '{"command":"media-move-file","number":1,"data":{"source_path":"1588_testofmetadatadeepencoding/iphone/","source_filename":"rss2.xml","destination_path":"1588_testofmetadatadeepencoding/iphone/","destination_filename":"rss2.xml"},"cqIndex":"54","mqIndex":"18","step":"3","timestamp":1314263490}', '{"command":"media-move-file","number":1,"data":{"source_path":"1588_testofmetadatadeepencoding/iphone/","source_filename":"rss2.xml","destination_path":"1588_testofmetadatadeepencoding/iphone/","destination_filename":"rss2.xml"},"status":"ACK","error":""}', NULL, '', 'http://media-podcast-api-dev.open.ac.uk', '2011-08-25 10:11:30'),
(136, '{"command":"media-move-file","number":1,"data":{"source_path":"1588_testofmetadatadeepencoding/ipod/","source_filename":"rss2.xml","destination_path":"1588_testofmetadatadeepencoding/ipod/","destination_filename":"rss2.xml"},"cqIndex":"55","mqIndex":"18","step":"3","timestamp":1314263490}', '{"command":"media-move-file","number":1,"data":{"source_path":"1588_testofmetadatadeepencoding/ipod/","source_filename":"rss2.xml","destination_path":"1588_testofmetadatadeepencoding/ipod/","destination_filename":"rss2.xml"},"status":"ACK","error":""}', NULL, '', 'http://media-podcast-api-dev.open.ac.uk', '2011-08-25 10:11:30'),
(137, '{"command":"media-move-file","number":1,"data":{"source_path":"1588_testofmetadatadeepencoding/large/","source_filename":"rss2.xml","destination_path":"1588_testofmetadatadeepencoding/large/","destination_filename":"rss2.xml"},"cqIndex":"56","mqIndex":"18","step":"3","timestamp":1314263490}', '{"command":"media-move-file","number":1,"data":{"source_path":"1588_testofmetadatadeepencoding/large/","source_filename":"rss2.xml","destination_path":"1588_testofmetadatadeepencoding/large/","destination_filename":"rss2.xml"},"status":"ACK","error":""}', NULL, '', 'http://media-podcast-api-dev.open.ac.uk', '2011-08-25 10:11:30'),
(138, '{"command":"media-move-file","number":1,"data":{"source_path":"1588_testofmetadatadeepencoding/transcript/","source_filename":"rss2.xml","destination_path":"1588_testofmetadatadeepencoding/transcript/","destination_filename":"rss2.xml"},"cqIndex":"57","mqIndex":"18","step":"3","timestamp":1314263490}', '{"command":"media-move-file","number":1,"data":{"source_path":"1588_testofmetadatadeepencoding/transcript/","source_filename":"rss2.xml","destination_path":"1588_testofmetadatadeepencoding/transcript/","destination_filename":"rss2.xml"},"status":"ACK","error":""}', NULL, '', 'http://media-podcast-api-dev.open.ac.uk', '2011-08-25 10:11:30'),
(139, '{"command":"media-move-file","number":1,"data":{"source_path":"1588_testofmetadatadeepencoding/youtube/","source_filename":"rss2.xml","destination_path":"1588_testofmetadatadeepencoding/youtube/","destination_filename":"rss2.xml"},"cqIndex":"58","mqIndex":"18","step":"3","timestamp":1314263490}', '{"command":"media-move-file","number":1,"data":{"source_path":"1588_testofmetadatadeepencoding/youtube/","source_filename":"rss2.xml","destination_path":"1588_testofmetadatadeepencoding/youtube/","destination_filename":"rss2.xml"},"status":"ACK","error":""}', NULL, '', 'http://media-podcast-api-dev.open.ac.uk', '2011-08-25 10:11:30'),
(140, '{"command":"media-move-file","number":1,"data":{"source_path":"1588_testofmetadatadeepencoding/extra/","source_filename":"rss2.xml","destination_path":"1588_testofmetadatadeepencoding/extra/","destination_filename":"rss2.xml"},"cqIndex":"59","mqIndex":"18","step":"3","timestamp":1314263490}', '{"command":"media-move-file","number":1,"data":{"source_path":"1588_testofmetadatadeepencoding/extra/","source_filename":"rss2.xml","destination_path":"1588_testofmetadatadeepencoding/extra/","destination_filename":"rss2.xml"},"status":"ACK","error":""}', NULL, '', 'http://media-podcast-api-dev.open.ac.uk', '2011-08-25 10:11:30'),
(141, '{"command":"media-move-file","number":1,"data":{"source_path":"1588_testofmetadatadeepencoding/","source_filename":"rss2.xml","destination_path":"1588_testofmetadatadeepencoding/","destination_filename":"rss2.xml"},"cqIndex":"60","mqIndex":"18","step":"3","timestamp":1314263490}', '{"command":"media-move-file","number":1,"data":{"source_path":"1588_testofmetadatadeepencoding/","source_filename":"rss2.xml","destination_path":"1588_testofmetadatadeepencoding/","destination_filename":"rss2.xml"},"status":"ACK","error":""}', NULL, '', 'http://media-podcast-api-dev.open.ac.uk', '2011-08-25 10:11:30'),
(142, '{"command":"media-move-file","number":1,"data":{"source_path":"1588_testofmetadatadeepencoding/high/","source_filename":"rss2.xml","destination_path":"1588_testofmetadatadeepencoding/high/","destination_filename":"rss2.xml"},"cqIndex":"61","mqIndex":"18","step":"3","timestamp":1314263490}', '{"command":"media-move-file","number":1,"data":{"source_path":"1588_testofmetadatadeepencoding/high/","source_filename":"rss2.xml","destination_path":"1588_testofmetadatadeepencoding/high/","destination_filename":"rss2.xml"},"status":"ACK","error":""}', NULL, '', 'http://media-podcast-api-dev.open.ac.uk', '2011-08-25 10:11:30'),
(143, '{"command":"media-move-file","number":1,"data":{"source_path":"1588_testofmetadatadeepencoding/ipod-all/","source_filename":"rss2.xml","destination_path":"1588_testofmetadatadeepencoding/ipod-all/","destination_filename":"rss2.xml"},"cqIndex":"62","mqIndex":"18","step":"3","timestamp":1314263490}', '{"command":"media-move-file","number":1,"data":{"source_path":"1588_testofmetadatadeepencoding/ipod-all/","source_filename":"rss2.xml","destination_path":"1588_testofmetadatadeepencoding/ipod-all/","destination_filename":"rss2.xml"},"status":"ACK","error":""}', NULL, '', 'http://media-podcast-api-dev.open.ac.uk', '2011-08-25 10:11:30'),
(144, '{"command":"media-move-file","number":1,"data":{"source_path":"1588_testofmetadatadeepencoding/desktop-all/","source_filename":"rss2.xml","destination_path":"1588_testofmetadatadeepencoding/desktop-all/","destination_filename":"rss2.xml"},"cqIndex":"63","mqIndex":"18","step":"3","timestamp":1314263490}', '{"command":"media-move-file","number":1,"data":{"source_path":"1588_testofmetadatadeepencoding/desktop-all/","source_filename":"rss2.xml","destination_path":"1588_testofmetadatadeepencoding/desktop-all/","destination_filename":"rss2.xml"},"status":"ACK","error":""}', NULL, '', 'http://media-podcast-api-dev.open.ac.uk', '2011-08-25 10:11:30'),
(145, '{"command":"media-move-file","number":1,"data":{"source_path":"1588_testofmetadatadeepencoding/epub/","source_filename":"rss2.xml","destination_path":"1588_testofmetadatadeepencoding/epub/","destination_filename":"rss2.xml"},"cqIndex":"64","mqIndex":"18","step":"3","timestamp":1314263490}', '{"command":"media-move-file","number":1,"data":{"source_path":"1588_testofmetadatadeepencoding/epub/","source_filename":"rss2.xml","destination_path":"1588_testofmetadatadeepencoding/epub/","destination_filename":"rss2.xml"},"status":"ACK","error":""}', NULL, '', 'http://media-podcast-api-dev.open.ac.uk', '2011-08-25 10:11:30'),
(146, '{"command":"poll-media","number":1,"data":{"command":"poll_media"},"timestamp":1314263494}', '{"command":"poll-media","status":"Y","number":13,"timestamp":1314263494,"data":[{"source_path":"1588_testofmetadatadeepencoding/3gp/","source_filename":"rss2.xml","destination_path":"1588_testofmetadatadeepencoding/3gp/","destination_filename":"rss2.xml","cqIndex":"50","number":1,"result":"Y","debug":"eNqFzcEKwjAQBNBfKQWPydpKsdR7f6Os3U0JtknorsbPNx68COJlDgMzT4a2OQ81ECpC5itsTB5NijSjqMHkDfHDxsTB4mzvN3B-ZaM7BnG8A7GoD6g-BuiOU9P1_aSli25jxfcrMZfxHMmH5dCOpyWV3EVa-9zWSmP1y_5yc87gmEngDwKFgA9QX16MhlDf","status":"Y","mqIndex":"18","step":"3"},{"source_path":"1588_testofmetadatadeepencoding/audio/","source_filename":"rss2.xml","destination_path":"1588_testofmetadatadeepencoding/audio/","destination_filename":"rss2.xml","cqIndex":"51","number":1,"result":"Y","debug":"eNqFzcEKg0AMBNBfEaHH3eCCIPbe35DUZEuo7oqJbj-_ttBLofQ0MDDztA-h6WsgNITCV5iZBN2SaUQ1h4s44t3nhZPH0W93iDKxsxWTRl6BWE0SmuQEbTM0bdcNdnQ5zmz4eiXmYzxmknQ7hQtuJPnIVTX4xzxVlqtf-pdcXEqByEwKfxh4I_Ah6vMT-c1S6w,,","status":"Y","mqIndex":"18","step":"3"},{"source_path":"1588_testofmetadatadeepencoding/desktop/","source_filename":"rss2.xml","destination_path":"1588_testofmetadatadeepencoding/desktop/","destination_filename":"rss2.xml","cqIndex":"52","number":1,"result":"Y","debug":"eNqFzcEKwjAQBNBfKQWPyWKgUOrd3yhrdiOhbTY0q_HzjaAXQbwNAzOvTM4NUw-EilD5AhtTRJOFPBY1mKMhvlvJnCx6e1sgxJWN7phK4B2Ii8aEGiXB4ObjMI6ztk7CxoqvV2JuYy8U0_Xgzm2wqOSW9lKcfWxrp9L98r_sWisEZirwB4I3Ax-kPz0BZgxUwA,,","status":"Y","mqIndex":"18","step":"3"},{"source_path":"1588_testofmetadatadeepencoding/hd/","source_filename":"rss2.xml","destination_path":"1588_testofmetadatadeepencoding/hd/","destination_filename":"rss2.xml","cqIndex":"53","number":1,"result":"Y","debug":"eNqFjUEKwjAQRa9SCi6ToZFCqXuvUcbMxAabpHRG4_GtCzeCuPmLB_89GV3Xjy0QKkLlCySmiGYt5FHU4BoN8cOWlbNFb-83CHFhoxtmCbwBsWjMqLFk6I9T1w_DpDsrIbHi20rM-9kXivl6cOeZ9tlEnH2mpdHS_Ep_ZWutEJhJ4E8DZoKPvz29XDD5WVBk","status":"Y","mqIndex":"18","step":"3"},{"source_path":"1588_testofmetadatadeepencoding/iphone/","source_filename":"rss2.xml","destination_path":"1588_testofmetadatadeepencoding/iphone/","destination_filename":"rss2.xml","cqIndex":"54","number":1,"result":"Y","debug":"eNqFzcEKwjAQBNBfKQWPyWK0UOrd3yhrd6PBNgnZ1fj5VsSLIN6GgZlcJ4Nzu6EFQkWofIKFKaDJiSYUNZiDIb7blDlanOztCj7MbLRgFM8FiEVDRA0pQrcft13fj7p2yS-s-Hol5nU8JQrxvHHHkC8p8hqKiLOPZW40Nb_4L7rWCp6ZBP448FbgY7SHXCevVlPS","status":"Y","mqIndex":"18","step":"3"},{"source_path":"1588_testofmetadatadeepencoding/ipod/","source_filename":"rss2.xml","destination_path":"1588_testofmetadatadeepencoding/ipod/","destination_filename":"rss2.xml","cqIndex":"55","number":1,"result":"Y","debug":"eNqFzcEKg0AMBNBfEaHH3aAgWHvvb0hqsiVUd8XEbj-_66GXQulpYGDm6dA256EGQkPIfIOFSdCtiSZUc7iKI376tHL0OPn9AUFmdrZh1MAbEKtJRJMUoevGpuv70UqXwsKGxysxl_GUSOL91F6lXFyX2FRb_1rmylL1C_-Cc84QmEnhjwKHAR-hvrwBWANSKg,,","status":"Y","mqIndex":"18","step":"3"},{"source_path":"1588_testofmetadatadeepencoding/large/","source_filename":"rss2.xml","destination_path":"1588_testofmetadatadeepencoding/large/","destination_filename":"rss2.xml","cqIndex":"56","number":1,"result":"Y","debug":"eNqFzcEKwjAQBNBfKQWPydJApdS7v1HW7qYE26RkV-PnGwUvgngaGJh5MjrXjS0QKkLhC2xMAc2eaEZRg3swxHebdo4WZ3u7gg8rG80YxXMGYtEQUUOK0B-nrh-GSWuX_MaKr1diruM5UYjLwZ1XzAvXzFwizj62tdHU_NK_5FIKeGYS-MPAG4EP0Z6e-XNS4g,,","status":"Y","mqIndex":"18","step":"3"},{"source_path":"1588_testofmetadatadeepencoding/transcript/","source_filename":"rss2.xml","destination_path":"1588_testofmetadatadeepencoding/transcript/","destination_filename":"rss2.xml","cqIndex":"57","number":1,"result":"Y","debug":"eNqFjsEKwjAQRH-lFDwmi5ViqXd_o6zZjQTbJGRX4-dbBREE8TgDb97I2O22YwuEilD5BAtTQJMTORQ1mIMhvtmUOVp09noBH2Y2WjCK5wLEoiGihhSh30_bfhgmXbvkF1Z8rhLzCrtEIZ433fFFuhKyrqGIdPa-zI2m5teFL32tFTwzCfxxwccEb097eFwwioFXYg,,","status":"Y","mqIndex":"18","step":"3"},{"source_path":"1588_testofmetadatadeepencoding/youtube/","source_filename":"rss2.xml","destination_path":"1588_testofmetadatadeepencoding/youtube/","destination_filename":"rss2.xml","cqIndex":"58","number":1,"result":"Y","debug":"eNqFzcEKwkAMBNBfKQWPu8GFQql3f6OkTVYW201pUlf_3gp6EcTbMDDztAuh6WogNITCA8xMCd1cIjSimsMlOeKbl4Wzx9FvV4hpYmcrZo28ArFaymhJMjRtf2zatre9kziz4euVmPfxKJTy5RDOD9lsG3hPq2rw93mqTKpf_pddSoHITAp_IHgz8EHq0xN0t1Ts","status":"Y","mqIndex":"18","step":"3"},{"source_path":"1588_testofmetadatadeepencoding/extra/","source_filename":"rss2.xml","destination_path":"1588_testofmetadatadeepencoding/extra/","destination_filename":"rss2.xml","cqIndex":"59","number":1,"result":"Y","debug":"eNqFzcEKwjAQBNBfKQWPydJAoda7v1HW7EaCbVK6q-nnGwUvgngaGJh5MjrXjS0QKkLhCyxMEc2ayaOowTUa4ofNK1wni97ebxDizEY3TBJ4A2LRmFBjTtAfp64fhklrl8PCiq9XYq5jnymm68Gdea_bmpuIs_syN5qbX_qXXFxKgcBMAn8YeCPwIdrTEwfyUxc,","status":"Y","mqIndex":"18","step":"3"},{"source_path":"1588_testofmetadatadeepencoding/","source_filename":"rss2.xml","destination_path":"1588_testofmetadatadeepencoding/","destination_filename":"rss2.xml","cqIndex":"60","number":1,"result":"Y","debug":"eNqFzcsKwjAQheFXKQWXydSCWuq-r1HGzkSCzYXMaHx868KNIG4PnO-Xse9OYwuEilD5AoHJo8mJFhQ1mL0hftiUOVpcXOz9Bs6vbLRgFMcFiEV9RPUpwrGb94dhmHXbkgus-FaJeTsviXy87vqpiPT2GdZGU_Or-lWstYJjJoE_PHzw9vwCqFFN_w,,","status":"Y","mqIndex":"18","step":"3"},{"source_path":"1588_testofmetadatadeepencoding/high/","source_filename":"rss2.xml","destination_path":"1588_testofmetadatadeepencoding/high/","destination_filename":"rss2.xml","cqIndex":"61","number":1,"result":"Y","debug":"eNqFzUELgkAQBeC_XCJCx91BoTC79zdkcmZ1SHfFmdp-fnroEkSnBw_e-7Stq3NbAqEhZL7BzCTolkQ9qjlcXMQRP31aOHrs_eMOQSZ2tmLUwCsQq0lEkxThVHXVsWk627oUZjbcX4l5G_eJJA6H-jrKMG6xqtb-NU-FpeIX_gXnnCEwk8IfBXYDPkJ5eQNQPVIP","status":"Y","mqIndex":"18","step":"3"}]}', NULL, '', 'http://media-podcast-api-dev.open.ac.uk', '2011-08-25 10:11:34'),
(147, '{"command":"poll-media","number":1,"data":{"command":"poll_media"},"timestamp":1314263496}', '{"command":"poll-media","status":"Y","number":4,"timestamp":1314263496,"data":[{"source_path":"1588_testofmetadatadeepencoding/ipod-all/","source_filename":"rss2.xml","destination_path":"1588_testofmetadatadeepencoding/ipod-all/","destination_filename":"rss2.xml","cqIndex":"62","number":1,"result":"Y","debug":"eNqFjsEKwjAQRH-lFDwmiwG11Lu_UdbsRhbTpDSr8fONh14E8TYMzHtTRudOYw-EilD5CjOToFkyeSxqcBFD_LR54WTR28cdgkQ2umIqgVcgLioJVXKCo5v2h2GYtHU5zKz4oRJzG_tMkm47d5GGNhhji2spzr7m2Gnufh34ktdaITBTgT8m2DywWfrzG--rVPM,","status":"Y","mqIndex":"18","step":"3"},{"source_path":"1588_testofmetadatadeepencoding/desktop-all/","source_filename":"rss2.xml","destination_path":"1588_testofmetadatadeepencoding/desktop-all/","destination_filename":"rss2.xml","cqIndex":"63","number":1,"result":"Y","debug":"eNqFjsEKwjAQRH-lFDwmiy1KqXd_o6zdjYSmSeiuxs83HgQRxOMMvHkjY9f3YwuEilD4AiuTR5MTzShqMHtDfLcpc7Q429sCzgc2umEUxxsQi_qI6lOEYz_tD8Mwae2SW1nxtUrMFZ4T-XjddecKLJqywRBq2kQ6-1hDo6n59eHLX0oBx0wCf2TwoYK3qD09ARPvV40,","status":"Y","mqIndex":"18","step":"3"},{"source_path":"1588_testofmetadatadeepencoding/epub/","source_filename":"rss2.xml","destination_path":"1588_testofmetadatadeepencoding/epub/","destination_filename":"rss2.xml","cqIndex":"64","number":1,"result":"Y","debug":"eNqFzcEKwjAQBNBfKQWPydKiUuvd3yjb7kaCbRKyW-Pn2x68COJpYGDmSd82l74GQkUoPMLC5NGkSBOKGkzeED9tTBwsTnZ9gPMzG80YxHEGYlEfUH0McD4OzanrBt266BZW3F-JeRtPkXy4H9obp3XcXCKLtPa1zJXG6hf-BZdSwDGTwB8FdgM-Qn19A1f4Uio,","status":"Y","mqIndex":"18","step":"3"}]}', NULL, '', 'http://media-podcast-api-dev.open.ac.uk', '2011-08-25 10:11:36'),
(148, '{"command":"transfer-file-to-media-server","number":"15","failed":"0","data":[{"source_path":"1588_testofmetadatadeepencoding/3gp/","source_filename":"rss2.xml","destination_path":"1588_testofmetadatadeepencoding/3gp/","destination_filename":"rss2.xml","cqIndex":"50","number":1,"result":"Y","debug":"/data/web/media-podcast-api-dev.open.ac.uk/file-transfer/destination/50_1588_testofmetadatadeepencoding%2F3gp%2Frss2.xml to /data/web/media-podcast-dev.open.ac.uk/www/feeds/1588_testofmetadatadeepencoding/3gp/rss2.xml","status":"Y","mqIndex":"18","step":"3"},{"source_path":"1588_testofmetadatadeepencoding/audio/","source_filename":"rss2.xml","destination_path":"1588_testofmetadatadeepencoding/audio/","destination_filename":"rss2.xml","cqIndex":"51","number":2,"result":"Y","debug":"/data/web/media-podcast-api-dev.open.ac.uk/file-transfer/destination/51_1588_testofmetadatadeepencoding%2Faudio%2Frss2.xml to /data/web/media-podcast-dev.open.ac.uk/www/feeds/1588_testofmetadatadeepencoding/audio/rss2.xml","status":"Y","mqIndex":"18","step":"3"},{"source_path":"1588_testofmetadatadeepencoding/desktop/","source_filename":"rss2.xml","destination_path":"1588_testofmetadatadeepencoding/desktop/","destination_filename":"rss2.xml","cqIndex":"52","number":3,"result":"Y","debug":"/data/web/media-podcast-api-dev.open.ac.uk/file-transfer/destination/52_1588_testofmetadatadeepencoding%2Fdesktop%2Frss2.xml to /data/web/media-podcast-dev.open.ac.uk/www/feeds/1588_testofmetadatadeepencoding/desktop/rss2.xml","status":"Y","mqIndex":"18","step":"3"},{"source_path":"1588_testofmetadatadeepencoding/hd/","source_filename":"rss2.xml","destination_path":"1588_testofmetadatadeepencoding/hd/","destination_filename":"rss2.xml","cqIndex":"53","number":4,"result":"Y","debug":"/data/web/media-podcast-api-dev.open.ac.uk/file-transfer/destination/53_1588_testofmetadatadeepencoding%2Fhd%2Frss2.xml to /data/web/media-podcast-dev.open.ac.uk/www/feeds/1588_testofmetadatadeepencoding/hd/rss2.xml","status":"Y","mqIndex":"18","step":"3"},{"source_path":"1588_testofmetadatadeepencoding/iphone/","source_filename":"rss2.xml","destination_path":"1588_testofmetadatadeepencoding/iphone/","destination_filename":"rss2.xml","cqIndex":"54","number":5,"result":"Y","debug":"/data/web/media-podcast-api-dev.open.ac.uk/file-transfer/destination/54_1588_testofmetadatadeepencoding%2Fiphone%2Frss2.xml to /data/web/media-podcast-dev.open.ac.uk/www/feeds/1588_testofmetadatadeepencoding/iphone/rss2.xml","status":"Y","mqIndex":"18","step":"3"},{"source_path":"1588_testofmetadatadeepencoding/ipod/","source_filename":"rss2.xml","destination_path":"1588_testofmetadatadeepencoding/ipod/","destination_filename":"rss2.xml","cqIndex":"55","number":6,"result":"Y","debug":"/data/web/media-podcast-api-dev.open.ac.uk/file-transfer/destination/55_1588_testofmetadatadeepencoding%2Fipod%2Frss2.xml to /data/web/media-podcast-dev.open.ac.uk/www/feeds/1588_testofmetadatadeepencoding/ipod/rss2.xml","status":"Y","mqIndex":"18","step":"3"},{"source_path":"1588_testofmetadatadeepencoding/large/","source_filename":"rss2.xml","destination_path":"1588_testofmetadatadeepencoding/large/","destination_filename":"rss2.xml","cqIndex":"56","number":7,"result":"Y","debug":"/data/web/media-podcast-api-dev.open.ac.uk/file-transfer/destination/56_1588_testofmetadatadeepencoding%2Flarge%2Frss2.xml to /data/web/media-podcast-dev.open.ac.uk/www/feeds/1588_testofmetadatadeepencoding/large/rss2.xml","status":"Y","mqIndex":"18","step":"3"},{"source_path":"1588_testofmetadatadeepencoding/transcript/","source_filename":"rss2.xml","destination_path":"1588_testofmetadatadeepencoding/transcript/","destination_filename":"rss2.xml","cqIndex":"57","number":8,"result":"Y","debug":"/data/web/media-podcast-api-dev.open.ac.uk/file-transfer/destination/57_1588_testofmetadatadeepencoding%2Ftranscript%2Frss2.xml to /data/web/media-podcast-dev.open.ac.uk/www/feeds/1588_testofmetadatadeepencoding/transcript/rss2.xml","status":"Y","mqIndex":"18","step":"3"},{"source_path":"1588_testofmetadatadeepencoding/youtube/","source_filename":"rss2.xml","destination_path":"1588_testofmetadatadeepencoding/youtube/","destination_filename":"rss2.xml","cqIndex":"58","number":9,"result":"Y","debug":"/data/web/media-podcast-api-dev.open.ac.uk/file-transfer/destination/58_1588_testofmetadatadeepencoding%2Fyoutube%2Frss2.xml to /data/web/media-podcast-dev.open.ac.uk/www/feeds/1588_testofmetadatadeepencoding/youtube/rss2.xml","status":"Y","mqIndex":"18","step":"3"},{"source_path":"1588_testofmetadatadeepencoding/extra/","source_filename":"rss2.xml","destination_path":"1588_testofmetadatadeepencoding/extra/","destination_filename":"rss2.xml","cqIndex":"59","number":10,"result":"Y","debug":"/data/web/media-podcast-api-dev.open.ac.uk/file-transfer/destination/59_1588_testofmetadatadeepencoding%2Fextra%2Frss2.xml to /data/web/media-podcast-dev.open.ac.uk/www/feeds/1588_testofmetadatadeepencoding/extra/rss2.xml","status":"Y","mqIndex":"18","step":"3"},{"source_path":"1588_testofmetadatadeepencoding/","source_filename":"rss2.xml","destination_path":"1588_testofmetadatadeepencoding/","destination_filename":"rss2.xml","cqIndex":"60","number":11,"result":"Y","debug":"/data/web/media-podcast-api-dev.open.ac.uk/file-transfer/destination/60_1588_testofmetadatadeepencoding%2Frss2.xml to /data/web/media-podcast-dev.open.ac.uk/www/feeds/1588_testofmetadatadeepencoding/rss2.xml","status":"Y","mqIndex":"18","step":"3"},{"source_path":"1588_testofmetadatadeepencoding/high/","source_filename":"rss2.xml","destination_path":"1588_testofmetadatadeepencoding/high/","destination_filename":"rss2.xml","cqIndex":"61","number":12,"result":"Y","debug":"/data/web/media-podcast-api-dev.open.ac.uk/file-transfer/destination/61_1588_testofmetadatadeepencoding%2Fhigh%2Frss2.xml to /data/web/media-podcast-dev.open.ac.uk/www/feeds/1588_testofmetadatadeepencoding/high/rss2.xml","status":"Y","mqIndex":"18","step":"3"},{"source_path":"1588_testofmetadatadeepencoding/ipod-all/","source_filename":"rss2.xml","destination_path":"1588_testofmetadatadeepencoding/ipod-all/","destination_filename":"rss2.xml","cqIndex":"62","number":13,"result":"Y","debug":"/data/web/media-podcast-api-dev.open.ac.uk/file-transfer/destination/62_1588_testofmetadatadeepencoding%2Fipod-all%2Frss2.xml to /data/web/media-podcast-dev.open.ac.uk/www/feeds/1588_testofmetadatadeepencoding/ipod-all/rss2.xml","status":"Y","mqIndex":"18","step":"3"},{"source_path":"1588_testofmetadatadeepencoding/desktop-all/","source_filename":"rss2.xml","destination_path":"1588_testofmetadatadeepencoding/desktop-all/","destination_filename":"rss2.xml","cqIndex":"63","number":14,"result":"Y","debug":"/data/web/media-podcast-api-dev.open.ac.uk/file-transfer/destination/63_1588_testofmetadatadeepencoding%2Fdesktop-all%2Frss2.xml to /data/web/media-podcast-dev.open.ac.uk/www/feeds/1588_testofmetadatadeepencoding/desktop-all/rss2.xml","status":"Y","mqIndex":"18","step":"3"},{"source_path":"1588_testofmetadatadeepencoding/epub/","source_filename":"rss2.xml","destination_path":"1588_testofmetadatadeepencoding/epub/","destination_filename":"rss2.xml","cqIndex":"64","number":15,"result":"Y","debug":"/data/web/media-podcast-api-dev.open.ac.uk/file-transfer/destination/64_1588_testofmetadatadeepencoding%2Fepub%2Frss2.xml to /data/web/media-podcast-dev.open.ac.uk/www/feeds/1588_testofmetadatadeepencoding/epub/rss2.xml","status":"Y","mqIndex":"18","step":"3"}],"timestamp":1314263496}', '{"status":"ACK","data ":"Message received","timestamp":1314263496}', '', '', 'http://podcast-admin-dev.open.ac.uk/callbacks/add/', '2011-08-25 10:11:36'),
(149, '{"command":"encoder-pull-to-output","number":1,"data":{"source_path":"1588_testofmetadatadeepencoding/","destination_path":"1588_testofmetadatadeepencoding/","source_filename":"15225_Maid_with_the_Flaxen_Hair.mp3","destination_filename":"15225_Maid_with_the_Flaxen_Hair.mp3","podcast_item_id":"15225","workflow":"not-for-transcoding"},"cqIndex":"65","mqIndex":"19","step":"2","timestamp":1314263595}', '{"command":"encoder-pull-to-output","number":1,"data":{"source_path":"1588_testofmetadatadeepencoding/","destination_path":"1588_testofmetadatadeepencoding/","source_filename":"15225_Maid_with_the_Flaxen_Hair.mp3","destination_filename":"15225_Maid_with_the_Flaxen_Hair.mp3","podcast_item_id":"15225","workflow":"not-for-transcoding"},"status":"Y","error":""}', NULL, '', 'http://kmi-encoder-api-dev.open.ac.uk', '2011-08-25 10:13:15'),
(150, '{"command":"deliver-without-transcoding","number":1,"data":[{"source_path":"1588_testofmetadatadeepencoding/","destination_path":"1588_testofmetadatadeepencoding/","source_filename":"15225_Maid_with_the_Flaxen_Hair.mp3","destination_filename":"15225_Maid_with_the_Flaxen_Hair.mp3","podcast_item_id":"15225","workflow":"not-for-transcoding"}],"timestamp":1314263595}', '{"command":"deliver-without-transcoding","number":1,"data":"Queued admin-api!","status":"ACK","error":[""],"timestamp":1314263595,"mqIndex":19}', '', '', '', '2011-08-25 10:13:15'),
(151, '{"command":"poll-encoder","number":1,"data":{"command":"poll_encoder"},"timestamp":1314263603}', '{"command":"poll-encoder","status":"Y","number":2,"timestamp":1314263603,"data":[{"source_path":"1588_testofmetadatadeepencoding/","destination_path":"1588_testofmetadatadeepencoding/","source_filename":"15225_Maid_with_the_Flaxen_Hair.mp3","destination_filename":"15225_Maid_with_the_Flaxen_Hair.mp3","podcast_item_id":"15225","workflow":"not-for-transcoding","number":1,"result":"Y","scp":[0,["","Open University - Knowledge Media Institute (KMi) - Systems Team","","This machine is operated on behalf of The Open University. Only","users authorised by the KMi Systems Team are entitled to","connect to this system - others should disconnect now.",""]],"status":"Y","cqIndex":"65","mqIndex":"19","step":"2"}]}', NULL, '', 'http://kmi-encoder-api-dev.open.ac.uk', '2011-08-25 10:13:23'),
(152, '{"command":"encoder-check-output","number":1,"data":{"source_path":"1588_testofmetadatadeepencoding/","destination_path":"1588_testofmetadatadeepencoding/","source_filename":"15225_Maid_with_the_Flaxen_Hair.mp3","destination_filename":"15225_Maid_with_the_Flaxen_Hair.mp3","podcast_item_id":"15225","workflow":"not-for-transcoding"},"cqIndex":"65","mqIndex":"19","step":"4","timestamp":1314263604}', '{"command":"encoder-check-output","number":1,"data":{"source_path":"1588_testofmetadatadeepencoding/","destination_path":"1588_testofmetadatadeepencoding/","source_filename":"15225_Maid_with_the_Flaxen_Hair.mp3","destination_filename":"15225_Maid_with_the_Flaxen_Hair.mp3","podcast_item_id":"15225","workflow":"not-for-transcoding"},"status":"Y","error":""}', NULL, '', 'http://kmi-encoder-api-dev.open.ac.uk', '2011-08-25 10:13:24'),
(153, '{"command":"poll-encoder","number":1,"data":{"command":"poll_encoder"},"timestamp":1314263617}', '{"command":"poll-encoder","status":"Y","number":3,"timestamp":1314263617,"data":[{"source_path":"1588_testofmetadatadeepencoding/","destination_path":"1588_testofmetadatadeepencoding//","source_filename":"15225_Maid_with_the_Flaxen_Hair-____.mp3","destination_filename":"15225_Maid_with_the_Flaxen_Hair.mp3","podcast_item_id":"15225","workflow":"not-for-transcoding","original_filename":null,"flavour":"default","duration":"1.35","status":"Y","cqIndex":"65","mqIndex":"19","step":"4"},{"source_path":"1588_testofmetadatadeepencoding/","destination_path":"1588_testofmetadatadeepencoding/ipod-all/","source_filename":"15225_Maid_with_the_Flaxen_Hair-____.mp3","destination_filename":"15225_Maid_with_the_Flaxen_Hair.mp3","podcast_item_id":"15225","workflow":"not-for-transcoding","original_filename":null,"flavour":"ipod-all","duration":"1.35","status":"Y","cqIndex":"65","mqIndex":"19","step":"4"}]}', NULL, '', 'http://kmi-encoder-api-dev.open.ac.uk', '2011-08-25 10:13:37'),
(154, '{"command":"encoder-push-to-media","number":1,"data":{"source_path":"1588_testofmetadatadeepencoding/","destination_path":"1588_testofmetadatadeepencoding//","source_filename":"15225_Maid_with_the_Flaxen_Hair-____.mp3","destination_filename":"15225_Maid_with_the_Flaxen_Hair.mp3","podcast_item_id":"15225","workflow":"not-for-transcoding","original_filename":null,"flavour":"default","duration":"1.35"},"cqIndex":"66","mqIndex":"19","step":"6","timestamp":1314263621}', '{"command":"encoder-push-to-media","number":1,"data":{"source_path":"1588_testofmetadatadeepencoding/","destination_path":"1588_testofmetadatadeepencoding//","source_filename":"15225_Maid_with_the_Flaxen_Hair-____.mp3","destination_filename":"15225_Maid_with_the_Flaxen_Hair.mp3","podcast_item_id":"15225","workflow":"not-for-transcoding","original_filename":null,"flavour":"default","duration":"1.35"},"status":"Y","error":""}', NULL, '', 'http://kmi-encoder-api-dev.open.ac.uk', '2011-08-25 10:13:41'),
(155, '{"command":"encoder-push-to-media","number":1,"data":{"source_path":"1588_testofmetadatadeepencoding/","destination_path":"1588_testofmetadatadeepencoding/ipod-all/","source_filename":"15225_Maid_with_the_Flaxen_Hair-____.mp3","destination_filename":"15225_Maid_with_the_Flaxen_Hair.mp3","podcast_item_id":"15225","workflow":"not-for-transcoding","original_filename":null,"flavour":"ipod-all","duration":"1.35"},"cqIndex":"67","mqIndex":"19","step":"6","timestamp":1314263621}', '{"command":"encoder-push-to-media","number":1,"data":{"source_path":"1588_testofmetadatadeepencoding/","destination_path":"1588_testofmetadatadeepencoding/ipod-all/","source_filename":"15225_Maid_with_the_Flaxen_Hair-____.mp3","destination_filename":"15225_Maid_with_the_Flaxen_Hair.mp3","podcast_item_id":"15225","workflow":"not-for-transcoding","original_filename":null,"flavour":"ipod-all","duration":"1.35"},"status":"Y","error":""}', NULL, '', 'http://kmi-encoder-api-dev.open.ac.uk', '2011-08-25 10:13:41'),
(156, '{"command":"poll-encoder","number":1,"data":{"command":"poll_encoder"},"timestamp":1314263633}', '{"command":"poll-encoder","status":"Y","number":3,"timestamp":1314263633,"data":[{"source_path":"1588_testofmetadatadeepencoding/","destination_path":"1588_testofmetadatadeepencoding//","source_filename":"15225_Maid_with_the_Flaxen_Hair-____.mp3","destination_filename":"15225_Maid_with_the_Flaxen_Hair.mp3","podcast_item_id":"15225","workflow":"not-for-transcoding","original_filename":null,"flavour":"default","duration":"1.35","number":1,"result":"Y","scp":[0,["","Open University - Knowledge Media Institute (KMi) - Systems Team","","This machine is operated on behalf of The Open University. Only","users authorised by the KMi Systems Team are entitled to","connect to this system - others should disconnect now.",""]],"status":"Y","cqIndex":"66","mqIndex":"19","step":"6"},{"source_path":"1588_testofmetadatadeepencoding/","destination_path":"1588_testofmetadatadeepencoding/ipod-all/","source_filename":"15225_Maid_with_the_Flaxen_Hair-____.mp3","destination_filename":"15225_Maid_with_the_Flaxen_Hair.mp3","podcast_item_id":"15225","workflow":"not-for-transcoding","original_filename":null,"flavour":"ipod-all","duration":"1.35","number":1,"result":"Y","scp":[0,["","Open University - Knowledge Media Institute (KMi) - Systems Team","","This machine is operated on behalf of The Open University. Only","users authorised by the KMi Systems Team are entitled to","connect to this system - others should disconnect now.",""]],"status":"Y","cqIndex":"67","mqIndex":"19","step":"6"}]}', NULL, '', 'http://kmi-encoder-api-dev.open.ac.uk', '2011-08-25 10:13:53'),
(157, '{"command":"media-move-file","number":1,"data":{"source_path":"1588_testofmetadatadeepencoding/","destination_path":"1588_testofmetadatadeepencoding//","source_filename":"15225_Maid_with_the_Flaxen_Hair-____.mp3","destination_filename":"15225_Maid_with_the_Flaxen_Hair.mp3","podcast_item_id":"15225","workflow":"not-for-transcoding","original_filename":null,"flavour":"default","duration":"1.35"},"cqIndex":"66","mqIndex":"19","step":"8","timestamp":1314263634}', '{"command":"media-move-file","number":1,"data":{"source_path":"1588_testofmetadatadeepencoding/","destination_path":"1588_testofmetadatadeepencoding//","source_filename":"15225_Maid_with_the_Flaxen_Hair-____.mp3","destination_filename":"15225_Maid_with_the_Flaxen_Hair.mp3","podcast_item_id":"15225","workflow":"not-for-transcoding","original_filename":null,"flavour":"default","duration":"1.35"},"status":"ACK","error":""}', NULL, '', 'http://media-podcast-api-dev.open.ac.uk', '2011-08-25 10:13:54'),
(158, '{"command":"media-move-file","number":1,"data":{"source_path":"1588_testofmetadatadeepencoding/","destination_path":"1588_testofmetadatadeepencoding/ipod-all/","source_filename":"15225_Maid_with_the_Flaxen_Hair-____.mp3","destination_filename":"15225_Maid_with_the_Flaxen_Hair.mp3","podcast_item_id":"15225","workflow":"not-for-transcoding","original_filename":null,"flavour":"ipod-all","duration":"1.35"},"cqIndex":"67","mqIndex":"19","step":"8","timestamp":1314263634}', '{"command":"media-move-file","number":1,"data":{"source_path":"1588_testofmetadatadeepencoding/","destination_path":"1588_testofmetadatadeepencoding/ipod-all/","source_filename":"15225_Maid_with_the_Flaxen_Hair-____.mp3","destination_filename":"15225_Maid_with_the_Flaxen_Hair.mp3","podcast_item_id":"15225","workflow":"not-for-transcoding","original_filename":null,"flavour":"ipod-all","duration":"1.35"},"status":"ACK","error":""}', NULL, '', 'http://media-podcast-api-dev.open.ac.uk', '2011-08-25 10:13:54');
INSERT INTO `api_log` (`al_index`, `al_message`, `al_reply`, `al_result_data`, `al_debug`, `al_dest`, `al_timestamp`) VALUES
(159, '{"command":"poll-media","number":1,"data":{"command":"poll_media"},"timestamp":1314263635}', '{"command":"poll-media","status":"Y","number":3,"timestamp":1314263635,"data":[{"source_path":"1588_testofmetadatadeepencoding/","destination_path":"1588_testofmetadatadeepencoding//","source_filename":"15225_Maid_with_the_Flaxen_Hair-____.mp3","destination_filename":"15225_Maid_with_the_Flaxen_Hair.mp3","podcast_item_id":"15225","workflow":"not-for-transcoding","original_filename":null,"flavour":"default","duration":"1.35","cqIndex":"66","number":1,"result":"Y","debug":"eNqFjsEOgjAQRH-FkHhsN2JAgnfixW9oVnaRjdASulo_X7iaGOY4ycx7sSmqc5MDoVwiJL7DxCRo5kAdRjU4iyF-2zCzt9jZ1xN6Gdnogj72vFwwcVTxqBI8VJU7lnXtdO1CP7Hi9krM67gLJP5xKNpjWRSlu6GQS6KD04FdO-KHvbuiLMatsdN8yjRk_6x-jFJK0DNThB08wA59A-eXLy3NYrU,","status":"Y","mqIndex":"19","step":"8"},{"source_path":"1588_testofmetadatadeepencoding/","destination_path":"1588_testofmetadatadeepencoding/ipod-all/","source_filename":"15225_Maid_with_the_Flaxen_Hair-____.mp3","destination_filename":"15225_Maid_with_the_Flaxen_Hair.mp3","podcast_item_id":"15225","workflow":"not-for-transcoding","original_filename":null,"flavour":"ipod-all","duration":"1.35","cqIndex":"67","number":1,"result":"Y","debug":"eNqFjsEOgjAQRH-FkHgsGzEVgnfixW9oVnaRjdASulo_X7iaGOY4ybx5sSkr2-RAqAiJ7zAxCZo5UIdRDc5iiN9FmNkX2BWvXCf0MrLRBX3seQHiqOJRJXg4V-5o69rp2oV-YsWNSszruAsk_nEo26MtS-tuKOSS6OB0YNeO-GHvriiLcWuKaT5lGrJ_Vj9GKSXomSnCzj3ISjA4jrBjsQnkly9eF2XH","status":"Y","mqIndex":"19","step":"8"}]}', NULL, '', 'http://media-podcast-api-dev.open.ac.uk', '2011-08-25 10:13:55'),
(160, '{"command":"update-file-metadata","number":1,"data":[],"timestamp":1314263637}', '{"command":"update-file-metadata","number":0,"data":"Queued admin-api!","status":"ACK","error":"","timestamp":1314263637,"mqIndex":20}', '', '', '', '2011-08-25 10:13:57'),
(161, '{"command":"media-update-metadata","number":1,"data":{"destination_path":"1588_testofmetadatadeepencoding/ipod-all/","destination_filename":"15225_Maid_with_the_Flaxen_Hair.mp3","meta_data":"eNpLsjKwBlwwAtUBCA,,"},"cqIndex":"68","mqIndex":"21","step":"2","timestamp":1314263640}', '{"command":"media-update-metadata","number":1,"data":{"destination_path":"1588_testofmetadatadeepencoding/ipod-all/","destination_filename":"15225_Maid_with_the_Flaxen_Hair.mp3","meta_data":"eNpLsjKwBlwwAtUBCA,,"},"status":"ACK","error":""}', NULL, '', 'http://media-podcast-api-dev.open.ac.uk', '2011-08-25 10:14:00'),
(162, '{"command":"update-file-metadata","number":1,"data":[{"destination_path":"1588_testofmetadatadeepencoding/ipod-all/","destination_filename":"15225_Maid_with_the_Flaxen_Hair.mp3","meta_data":{"title":null,"genre":"Podcast","author":"","course_code":null,"podcast_title":null,"year":"2011","comments":"Item from "}}],"timestamp":1314263640}', '{"command":"update-file-metadata","number":1,"data":"Queued admin-api!","status":"ACK","error":[""],"timestamp":1314263640,"mqIndex":21}', '', '', '', '2011-08-25 10:14:00'),
(163, '{"command":"poll-media","number":1,"data":{"command":"poll_media"},"timestamp":1314263644}', '{"command":"poll-media","status":"Y","number":2,"timestamp":1314263644,"data":[{"destination_path":"1588_testofmetadatadeepencoding/ipod-all/","destination_filename":"15225_Maid_with_the_Flaxen_Hair.mp3","meta_data":"eNpLsjKwBlwwAtUBCA,,","cqIndex":"68","number":1,"result":"Y","status":"Y","mqIndex":"21","step":"2"}]}', NULL, '', 'http://media-podcast-api-dev.open.ac.uk', '2011-08-25 10:14:04'),
(164, '{"command":"update-file-metadata","number":"1","failed":"0","data":[{"destination_path":"1588_testofmetadatadeepencoding/ipod-all/","destination_filename":"15225_Maid_with_the_Flaxen_Hair.mp3","meta_data":false,"cqIndex":"68","number":1,"result":"Y","status":"Y","mqIndex":"21","step":"2"}],"timestamp":1314263647}', '{"status":"ACK","data ":"Message received","timestamp":1314263647}', '', '', 'http://podcast-admin-dev.open.ac.uk/callbacks/add/', '2011-08-25 10:14:07');

-- --------------------------------------------------------

--
-- Table structure for table `api_process`
--

CREATE TABLE IF NOT EXISTS `api_process` (
  `ap_index` int(10) NOT NULL AUTO_INCREMENT,
  `ap_process_id` int(10) DEFAULT '0',
  `ap_script` varchar(255) COLLATE utf8_unicode_ci DEFAULT '0',
  `ap_timestamp` datetime NOT NULL,
  `ap_last_checked` datetime NOT NULL,
  `ap_status` enum('Y','N') COLLATE utf8_unicode_ci NOT NULL,
  PRIMARY KEY (`ap_index`)
) ENGINE=InnoDB  DEFAULT CHARSET=utf8 COLLATE=utf8_unicode_ci AUTO_INCREMENT=353062 ;

--
-- Dumping data for table `api_process`
--

INSERT INTO `api_process` (`ap_index`, `ap_process_id`, `ap_script`, `ap_timestamp`, `ap_last_checked`, `ap_status`) VALUES
(353032, 4275, 'curl -d "number=5&time=2" http://podcast-api-dev.open.ac.uk/poll.php', '2011-08-25 10:11:50', '2011-08-25 10:12:02', 'N'),
(353033, 4289, 'curl -d "number=5&time=2" http://podcast-api-dev.open.ac.uk/poll.php', '2011-08-25 10:12:02', '2011-08-25 10:12:12', 'N'),
(353034, 4303, 'curl -d "number=5&time=2" http://podcast-api-dev.open.ac.uk/poll.php', '2011-08-25 10:12:12', '2011-08-25 10:12:22', 'N'),
(353035, 4317, 'curl -d "number=5&time=2" http://podcast-api-dev.open.ac.uk/poll.php', '2011-08-25 10:12:22', '2011-08-25 10:12:32', 'N'),
(353036, 4331, 'curl -d "number=5&time=2" http://podcast-api-dev.open.ac.uk/poll.php', '2011-08-25 10:12:32', '2011-08-25 10:12:42', 'N'),
(353037, 4351, 'curl -d "number=5&time=2" http://podcast-api-dev.open.ac.uk/poll.php', '2011-08-25 10:12:42', '2011-08-25 10:12:51', 'N'),
(353038, 4367, 'curl -d "number=5&time=2" http://podcast-api-dev.open.ac.uk/poll.php', '2011-08-25 10:12:51', '2011-08-25 10:13:01', 'N'),
(353039, 4383, 'curl -d "number=5&time=2" http://podcast-api-dev.open.ac.uk/poll.php', '2011-08-25 10:13:01', '2011-08-25 10:13:11', 'N'),
(353040, 4401, 'curl -d "number=5&time=2" http://podcast-api-dev.open.ac.uk/poll.php', '2011-08-25 10:13:11', '2011-08-25 10:13:21', 'N'),
(353041, 4424, 'curl -d "number=5&time=2" http://podcast-api-dev.open.ac.uk/poll.php', '2011-08-25 10:13:21', '2011-08-25 10:13:31', 'N'),
(353042, 4461, 'curl -d "number=5&time=2" http://podcast-api-dev.open.ac.uk/poll.php', '2011-08-25 10:13:31', '2011-08-25 10:13:41', 'N'),
(353043, 4476, 'curl -d "number=5&time=2" http://podcast-api-dev.open.ac.uk/poll.php', '2011-08-25 10:13:41', '2011-08-25 10:13:51', 'N'),
(353044, 4490, 'curl -d "number=5&time=2" http://podcast-api-dev.open.ac.uk/poll.php', '2011-08-25 10:13:51', '2011-08-25 10:14:00', 'N'),
(353045, 4507, 'curl -d "number=5&time=2" http://podcast-api-dev.open.ac.uk/poll.php', '2011-08-25 10:14:00', '2011-08-25 10:14:10', 'N'),
(353046, 4524, 'curl -d "number=5&time=2" http://podcast-api-dev.open.ac.uk/poll.php', '2011-08-25 10:14:10', '2011-08-25 10:14:20', 'N'),
(353047, 4541, 'curl -d "number=5&time=2" http://podcast-api-dev.open.ac.uk/poll.php', '2011-08-25 10:14:20', '2011-08-25 10:14:30', 'N'),
(353048, 4556, 'curl -d "number=5&time=2" http://podcast-api-dev.open.ac.uk/poll.php', '2011-08-25 10:14:30', '2011-08-25 10:14:40', 'N'),
(353049, 4570, 'curl -d "number=5&time=2" http://podcast-api-dev.open.ac.uk/poll.php', '2011-08-25 10:14:40', '2011-08-25 10:14:50', 'N'),
(353050, 4588, 'curl -d "number=5&time=2" http://podcast-api-dev.open.ac.uk/poll.php', '2011-08-25 10:14:50', '2011-08-25 10:15:00', 'N'),
(353051, 4606, 'curl -d "number=5&time=2" http://podcast-api-dev.open.ac.uk/poll.php', '2011-08-25 10:15:00', '2011-08-25 10:15:10', 'N'),
(353052, 4622, 'curl -d "number=5&time=2" http://podcast-api-dev.open.ac.uk/poll.php', '2011-08-25 10:15:10', '2011-08-25 10:15:20', 'N'),
(353053, 4637, 'curl -d "number=5&time=2" http://podcast-api-dev.open.ac.uk/poll.php', '2011-08-25 10:15:20', '2011-08-25 10:15:30', 'N'),
(353054, 4651, 'curl -d "number=5&time=2" http://podcast-api-dev.open.ac.uk/poll.php', '2011-08-25 10:15:30', '2011-08-25 10:15:40', 'N'),
(353055, 4666, 'curl -d "number=5&time=2" http://podcast-api-dev.open.ac.uk/poll.php', '2011-08-25 10:15:40', '2011-08-25 10:15:50', 'N'),
(353056, 4681, 'curl -d "number=5&time=2" http://podcast-api-dev.open.ac.uk/poll.php', '2011-08-25 10:15:50', '2011-08-25 10:16:01', 'N'),
(353057, 4695, 'curl -d "number=5&time=2" http://podcast-api-dev.open.ac.uk/poll.php', '2011-08-25 10:16:01', '2011-08-25 10:16:11', 'N'),
(353058, 4710, 'curl -d "number=5&time=2" http://podcast-api-dev.open.ac.uk/poll.php', '2011-08-25 10:16:11', '2011-08-25 10:16:21', 'N'),
(353059, 4724, 'curl -d "number=5&time=2" http://podcast-api-dev.open.ac.uk/poll.php', '2011-08-25 10:16:21', '2011-08-25 10:16:31', 'N'),
(353060, 4740, 'curl -d "number=5&time=2" http://podcast-api-dev.open.ac.uk/poll.php', '2011-08-25 10:16:31', '2011-08-25 10:16:41', 'N'),
(353061, 4758, 'curl -d "number=5&time=2" http://podcast-api-dev.open.ac.uk/poll.php', '2011-08-25 10:16:41', '0000-00-00 00:00:00', 'Y');

-- --------------------------------------------------------

--
-- Table structure for table `api_workflows`
--

CREATE TABLE IF NOT EXISTS `api_workflows` (
  `wf_index` int(10) NOT NULL AUTO_INCREMENT,
  `wf_cr_index` int(10) DEFAULT NULL,
  `wf_step` int(10) DEFAULT NULL,
  `wf_steps` int(10) DEFAULT NULL,
  `wf_destination` enum('admin-app','admin-api','encoder-api','media-api','vle-api') COLLATE utf8_unicode_ci DEFAULT NULL,
  `wf_command` varchar(50) COLLATE utf8_unicode_ci DEFAULT NULL,
  `wf_function` varchar(50) COLLATE utf8_unicode_ci DEFAULT NULL,
  `wf_route_type` enum('queue','direct','wait') COLLATE utf8_unicode_ci DEFAULT NULL,
  PRIMARY KEY (`wf_index`),
  KEY `wf_cr_index` (`wf_cr_index`),
  KEY `wf_step` (`wf_step`),
  KEY `wf_route_type` (`wf_route_type`)
) ENGINE=InnoDB  DEFAULT CHARSET=utf8 COLLATE=utf8_unicode_ci AUTO_INCREMENT=45 ;

--
-- Dumping data for table `api_workflows`
--

INSERT INTO `api_workflows` (`wf_index`, `wf_cr_index`, `wf_step`, `wf_steps`, `wf_destination`, `wf_command`, `wf_function`, `wf_route_type`) VALUES
(1, 1, 1, 8, 'encoder-api', 'push-next-command', 'doPushNextCommand', 'direct'),
(2, 1, 2, 8, 'encoder-api', 'encoder-pull-to-input', 'doEncoderPullToInput', 'wait'),
(3, 1, 3, 8, 'encoder-api', 'push-next-command', 'doPushNextCommand', 'direct'),
(4, 1, 4, 8, 'encoder-api', 'encoder-check-output', 'doEncoderCheckOutput', 'wait'),
(5, 1, 5, 8, 'encoder-api', 'push-next-command', 'doPushNextCommand', 'direct'),
(6, 1, 6, 8, 'encoder-api', 'encoder-push-to-media', 'doEncoderPushToMedia', 'wait'),
(7, 1, 7, 8, 'media-api', 'push-next-command', 'doPushNextCommand', 'direct'),
(8, 1, 8, 8, 'media-api', 'media-move-file', 'doMediaMoveFile', 'wait'),
(9, 3, 1, 3, 'media-api', 'media-push-file', 'doMediaPushFile', 'queue'),
(10, 3, 2, 3, 'media-api', 'push-next-command', 'doPushNextCommand', 'direct'),
(11, 3, 3, 3, 'media-api', 'media-move-file', 'doMediaMoveFile', 'wait'),
(12, 5, 1, 2, 'media-api', 'push-next-command', 'doPushNextCommand', 'direct'),
(13, 5, 2, 2, 'media-api', 'media-delete-file', 'doMediaDeleteFile', 'wait'),
(14, 6, 1, 2, 'media-api', 'push-next-command', 'doPushNextCommand', 'direct'),
(15, 6, 2, 2, 'media-api', 'media-delete-folder', 'doMediaDeleteFolder', 'wait'),
(16, 7, 1, 2, 'media-api', 'push-next-command', 'doPushNextCommand', 'direct'),
(17, 7, 2, 2, 'media-api', 'media-update-metadata', 'doMediaUpdateMetadata', 'wait'),
(19, 10, 1, 2, 'media-api', 'push-next-command', 'doPushNextCommand', 'direct'),
(20, 10, 2, 2, 'media-api', 'media-update-permisssions', 'doMediaUpdatePermissions', 'wait'),
(21, 16, 1, 2, 'media-api', 'push-next-command', 'doPushNextCommand', 'direct'),
(22, 16, 2, 2, 'media-api', 'media-rename-file', 'doMediaRenameFile', 'wait'),
(23, 17, 1, 2, 'media-api', 'push-next-command', 'doPushNextCommand', 'direct'),
(24, 17, 2, 2, 'media-api', 'media-rename-folder', 'doMediaRenameFolder', 'wait'),
(25, 18, 1, 3, 'media-api', 'media-push-file', 'doMediaPushFile', 'queue'),
(26, 18, 2, 3, 'media-api', 'push-next-command', 'doPushNextCommand', 'direct'),
(27, 18, 3, 3, 'media-api', 'media-move-file', 'doMediaMoveFile', 'wait'),
(28, 34, 1, 2, 'media-api', 'push-next-command', 'doPushNextCommand', 'direct'),
(29, 34, 2, 2, 'media-api', 'media-copy-folder', 'doMediaCopyFolder', 'wait'),
(30, 99, 1, 3, 'media-api', 'media-push-file', 'doMediaPushFile', 'queue'),
(31, 99, 2, 3, 'media-api', 'push-next-command', 'doPushNextCommand', 'direct'),
(32, 99, 3, 3, 'media-api', 'media-move-file', 'doMediaMoveFile', 'wait'),
(33, 36, 1, 2, 'media-api', 'push-next-command', 'doPushNextCommand', 'direct'),
(34, 36, 2, 2, 'media-api', 'media-youtube-upload', 'doYoutubeUpload', 'wait'),
(35, 37, 1, 2, 'media-api', 'push-next-command', 'doPushNextCommand', 'direct'),
(36, 37, 2, 2, 'media-api', 'media-youtube-update', 'doYoutubeUpdate', 'wait'),
(37, 35, 1, 8, 'encoder-api', 'push-next-command', 'doPushNextCommand', 'direct'),
(38, 35, 2, 8, 'encoder-api', 'encoder-pull-to-output', 'doEncoderPullToOutput', 'wait'),
(39, 35, 3, 8, 'encoder-api', 'push-next-command', 'doPushNextCommand', 'direct'),
(40, 35, 4, 8, 'encoder-api', 'encoder-check-output', 'doEncoderCheckOutput', 'wait'),
(41, 35, 5, 8, 'encoder-api', 'push-next-command', 'doPushNextCommand', 'direct'),
(42, 35, 6, 8, 'encoder-api', 'encoder-push-to-media', 'doEncoderPushToMedia', 'wait'),
(43, 35, 7, 8, 'media-api', 'push-next-command', 'doPushNextCommand', 'direct'),
(44, 35, 8, 8, 'media-api', 'media-move-file', 'doMediaMoveFile', 'wait');

-- --------------------------------------------------------

--
-- Table structure for table `command_routes`
--

CREATE TABLE IF NOT EXISTS `command_routes` (
  `cr_index` int(10) NOT NULL AUTO_INCREMENT,
  `cr_source` enum('admin-app','admin-api','vle-api') COLLATE utf8_unicode_ci DEFAULT NULL,
  `cr_action` varchar(50) COLLATE utf8_unicode_ci DEFAULT NULL,
  `cr_function` varchar(50) CHARACTER SET ucs2 COLLATE ucs2_unicode_ci DEFAULT NULL,
  `cr_callback` varchar(50) COLLATE utf8_unicode_ci DEFAULT NULL,
  `cr_delivery` enum('single','multiple') COLLATE utf8_unicode_ci DEFAULT 'single',
  `cr_datacheck` int(4) DEFAULT NULL,
  `cr_route_type` enum('queue','direct') COLLATE utf8_unicode_ci DEFAULT NULL,
  PRIMARY KEY (`cr_index`)
) ENGINE=InnoDB  DEFAULT CHARSET=utf8 COLLATE=utf8_unicode_ci ROW_FORMAT=COMPACT AUTO_INCREMENT=38 ;

--
-- Dumping data for table `command_routes`
--

INSERT INTO `command_routes` (`cr_index`, `cr_source`, `cr_action`, `cr_function`, `cr_callback`, `cr_delivery`, `cr_datacheck`, `cr_route_type`) VALUES
(1, 'admin-app', 'transcode-media-and-deliver', 'doTranscodeMediaAndDeliver', 'transcode-media-and-deliver', 'multiple', 14, 'queue'),
(3, 'admin-app', 'transfer-file-to-media-server', 'doTransferFileToMediaServer', 'transfer-file-to-media-server', 'single', 1, 'queue'),
(4, 'admin-app', 'transfer-folder-to-media-server', 'doTransferFolderToMediaServer', 'transfer-folder-to-media-server', 'single', 1, 'queue'),
(5, 'admin-app', 'delete-file-on-media-server', 'doDeleteFileOnMediaServer', 'delete-file-on-media-server', 'single', 3, 'queue'),
(6, 'admin-app', 'delete-folder-on-media-server', 'doDeleteFolderOnMediaServer', 'delete-folder-on-media-server', 'single', 4, 'queue'),
(7, 'admin-app', 'update-file-metadata', 'doUpdateFileMetaData', 'update-file-metadata', 'single', 13, 'queue'),
(10, 'admin-app', 'set-permissions-folder', 'doSetPermisssionsFolder', 'set-permissions-folder', 'single', 1, 'queue'),
(11, 'admin-app', 'check-file-exists', 'doCheckFileExists', 'check-file-exists', 'single', 3, 'direct'),
(13, 'admin-app', 'check-folder-exists', 'doCheckFolderExists', 'check-folder-exists', 'single', 4, 'direct'),
(14, 'admin-app', 'status-media', 'doStatusMedia', 'status-media', 'single', NULL, 'direct'),
(15, 'admin-app', 'status-encoder', 'doStatusEncoder', 'status-encoder', 'single', NULL, 'direct'),
(16, 'admin-app', 'rename-file-on-media-server', 'doRenameFileOnMediaServer', 'rename-file-on-media-server', 'single', 1, 'queue'),
(17, 'admin-app', 'rename-folder-on-media-server', 'doRenameFolderOnMediaServer', 'rename-folder-on-media-server', 'single', 2, 'queue'),
(18, 'admin-app', 'move-file-on-media-server', 'doMoveFileOnMediaServer', 'move-file-on-media-server', 'single', 1, 'queue'),
(19, 'vle-api', 'create-container', 'doPassToAdmin', 'create-container', 'single', 5, 'direct'),
(20, 'vle-api', 'deletete-container', 'doPassToAdmin', 'deletete-container', 'single', 6, 'direct'),
(21, 'vle-api', 'submit-media', 'doPassToAdmin', 'submit-media', 'single', 8, 'direct'),
(22, 'vle-api', 'delete-media', 'doPassToAdmin', 'delete-media', 'single', 8, 'direct'),
(23, 'vle-api', 'get-media-endpoint-url', 'doPassToAdmin', 'get-media-endpoint-url', 'single', 12, 'direct'),
(24, 'vle-api', 'metadata-update', 'doPassToAdmin', 'metadata-update', 'single', 9, 'direct'),
(25, 'vle-api', 'clone-container', 'doPassToAdmin', 'clone-container', 'single', 5, 'direct'),
(26, 'admin-app', 'create-container', 'doPassToVLE', 'create-container', 'single', 10, 'direct'),
(27, 'admin-app', 'delete-container', 'doPassToVLE', 'delete-container', 'single', 10, 'direct'),
(28, 'admin-app', 'submit-media', 'doPassToVLE', 'submit-media', 'single', 8, 'direct'),
(29, 'admin-app', 'delete-media', 'doPassToVLE', 'delete-media', 'single', 8, 'direct'),
(31, 'admin-app', 'get-media-endpoint-url', 'doPassToVLE', 'get-media-endpoint-url', 'single', 8, 'direct'),
(32, 'admin-app', 'metadata-update', 'doPassToVLE', 'metadata-update', 'single', 11, 'direct'),
(33, 'admin-app', 'clone-container', 'doPassToVLE', 'clone-container', 'single', 6, 'direct'),
(34, 'admin-app', 'copy-folder-on-media-server', 'doCopyFolderOnMediaServer', 'copy-folder-on-media-server', 'single', 2, 'queue'),
(35, 'admin-app', 'deliver-without-transcoding', 'doDeliverWithoutTranscoding', 'deliver-without-transcoding', 'multiple', 14, 'queue'),
(36, 'admin-app', 'youtube-file-upload', 'doYoutubeFileUpload', 'youtube-file-upload', 'single', 1, 'queue'),
(37, 'admin-app', 'youtube-file-update', 'doYoutubeFileUpdate', 'youtube-file-update', 'single', 1, 'queue');

-- --------------------------------------------------------

--
-- Table structure for table `queue_commands`
--

CREATE TABLE IF NOT EXISTS `queue_commands` (
  `cq_index` int(10) NOT NULL AUTO_INCREMENT,
  `cq_mq_index` int(10) DEFAULT '0',
  `cq_command` varchar(255) COLLATE utf8_unicode_ci DEFAULT '0',
  `cq_filename` varchar(255) COLLATE utf8_unicode_ci NOT NULL,
  `cq_data` text COLLATE utf8_unicode_ci,
  `cq_result` text COLLATE utf8_unicode_ci,
  `cq_time` datetime DEFAULT NULL,
  `cq_update` datetime DEFAULT NULL,
  `cq_wf_step` int(11) NOT NULL DEFAULT '1',
  `cq_status` enum('Y','N','F','R','C') COLLATE utf8_unicode_ci DEFAULT 'N',
  PRIMARY KEY (`cq_index`),
  KEY `cq_mq_index` (`cq_mq_index`),
  KEY `cq_time` (`cq_time`),
  KEY `cq_status` (`cq_status`),
  KEY `cq_wf_step` (`cq_wf_step`),
  KEY `cq_filename` (`cq_filename`)
) ENGINE=InnoDB  DEFAULT CHARSET=utf8 COLLATE=utf8_unicode_ci ROW_FORMAT=COMPACT AUTO_INCREMENT=69 ;

--
-- Dumping data for table `queue_commands`
--

INSERT INTO `queue_commands` (`cq_index`, `cq_mq_index`, `cq_command`, `cq_filename`, `cq_data`, `cq_result`, `cq_time`, `cq_update`, `cq_wf_step`, `cq_status`) VALUES
(5, 4, 'deliver-without-transcoding', '15222_barking_dog.mp3', 'a:6:{s:11:"source_path";s:18:"1586_ianpodcast24/";s:16:"destination_path";s:18:"1586_ianpodcast24/";s:15:"source_filename";s:21:"15222_barking_dog.mp3";s:20:"destination_filename";s:21:"15222_barking_dog.mp3";s:15:"podcast_item_id";s:5:"15222";s:8:"workflow";s:19:"not-for-transcoding";}', 'a:4:{s:7:"cqIndex";s:1:"5";s:6:"number";i:1;s:6:"result";s:1:"Y";s:5:"debug";a:5:{s:7:"command";s:20:"encoder-check-output";s:6:"number";i:1;s:4:"data";a:6:{s:11:"source_path";s:18:"1586_ianpodcast24/";s:16:"destination_path";s:18:"1586_ianpodcast24/";s:15:"source_filename";s:21:"15222_barking_dog.mp3";s:20:"destination_filename";s:21:"15222_barking_dog.mp3";s:15:"podcast_item_id";s:5:"15222";s:8:"workflow";s:19:"not-for-transcoding";}s:6:"status";s:1:"Y";s:5:"error";s:0:"";}}', '2011-08-24 16:31:40', '2011-08-24 16:31:44', 4, 'N'),
(9, 7, 'transcode-media-and-deliver', '15223_dd205-mexico-economic-aspirations-f.mov', 'a:6:{s:8:"workflow";s:5:"video";s:11:"source_path";s:18:"1586_ianpodcast24/";s:16:"destination_path";s:18:"1586_ianpodcast24/";s:15:"source_filename";s:45:"15223_dd205-mexico-economic-aspirations-f.mov";s:20:"destination_filename";s:45:"15223_dd205-mexico-economic-aspirations-f.mov";s:15:"podcast_item_id";s:5:"15223";}', 'a:4:{s:7:"cqIndex";s:1:"9";s:6:"number";i:1;s:6:"result";s:1:"Y";s:5:"debug";a:5:{s:7:"command";s:20:"encoder-check-output";s:6:"number";i:1;s:4:"data";a:6:{s:8:"workflow";s:5:"video";s:11:"source_path";s:18:"1586_ianpodcast24/";s:16:"destination_path";s:18:"1586_ianpodcast24/";s:15:"source_filename";s:45:"15223_dd205-mexico-economic-aspirations-f.mov";s:20:"destination_filename";s:45:"15223_dd205-mexico-economic-aspirations-f.mov";s:15:"podcast_item_id";s:5:"15223";}s:6:"status";s:1:"Y";s:5:"error";s:0:"";}}', '2011-08-24 16:48:55', '2011-08-24 17:05:05', 4, 'N'),
(18, 8, 'transcode-media-and-deliver', '15224_dd205-mexico-economic-aspirations-g.mov', 'a:6:{s:8:"workflow";s:5:"video";s:11:"source_path";s:18:"1586_ianpodcast24/";s:16:"destination_path";s:18:"1586_ianpodcast24/";s:15:"source_filename";s:45:"15224_dd205-mexico-economic-aspirations-g.mov";s:20:"destination_filename";s:45:"15224_dd205-mexico-economic-aspirations-g.mov";s:15:"podcast_item_id";s:5:"15224";}', 'a:4:{s:7:"cqIndex";s:2:"18";s:6:"number";i:1;s:6:"result";s:1:"Y";s:5:"debug";a:5:{s:7:"command";s:20:"encoder-check-output";s:6:"number";i:1;s:4:"data";a:6:{s:8:"workflow";s:5:"video";s:11:"source_path";s:18:"1586_ianpodcast24/";s:16:"destination_path";s:18:"1586_ianpodcast24/";s:15:"source_filename";s:45:"15224_dd205-mexico-economic-aspirations-g.mov";s:20:"destination_filename";s:45:"15224_dd205-mexico-economic-aspirations-g.mov";s:15:"podcast_item_id";s:5:"15224";}s:6:"status";s:1:"Y";s:5:"error";s:0:"";}}', '2011-08-24 17:15:13', '2011-08-24 17:15:24', 4, 'N'),
(43, 11, 'youtube-file-upload', '15223_dd205-mexico-economic-aspirations-f.mov', 'a:7:{s:15:"podcast_item_id";s:5:"15223";s:10:"youtube_id";N;s:16:"destination_path";s:26:"1586_ianpodcast24/youtube/";s:20:"destination_filename";s:45:"15223_dd205-mexico-economic-aspirations-f.mov";s:11:"source_path";s:26:"1586_ianpodcast24/youtube/";s:15:"source_filename";s:45:"15223_dd205-mexico-economic-aspirations-f.mov";s:9:"meta_data";a:14:{s:5:"title";s:21:"Podcast 0025 Mexicans";s:11:"description";s:279:"Free learning from The Open University http://www.open.ac.uk/openlearn/\r\n\r\n---\r\n\r\nSummary\r\n\r\n(Part X of Y)\r\n\r\n --- \r\n\r\nFor more information about Podcast 0025 Mexicans visit http://www3.open.ac.uk/study/undergraduate/course/coursecode12.htm\r\n\r\n---\r\n\r\n\r\n\r\n\r\n---\r\n\r\n\r\n\r\n\r\n---\r\n\r\n\r\n";s:20:"series_playlist_link";s:0:"";s:20:"series_playlist_text";s:0:"";s:7:"channel";N;s:4:"tags";s:10:"taga, tagb";s:7:"privacy";s:6:"Public";s:7:"license";s:24:"Standard Youtube License";s:8:"comments";s:5:"Allow";s:6:"voting";s:1:"0";s:14:"video_response";s:3:"Yes";s:7:"ratings";s:1:"0";s:9:"embedding";s:1:"1";s:11:"syndication";s:1:"1";}}', 'a:4:{s:7:"cqIndex";s:2:"43";s:6:"number";i:1;s:6:"result";s:1:"Y";s:5:"debug";a:5:{s:7:"command";s:20:"media-youtube-upload";s:6:"number";i:1;s:4:"data";a:7:{s:15:"podcast_item_id";s:5:"15223";s:10:"youtube_id";N;s:16:"destination_path";s:26:"1586_ianpodcast24/youtube/";s:20:"destination_filename";s:45:"15223_dd205-mexico-economic-aspirations-f.mov";s:11:"source_path";s:26:"1586_ianpodcast24/youtube/";s:15:"source_filename";s:45:"15223_dd205-mexico-economic-aspirations-f.mov";s:9:"meta_data";s:536:"eNp1UktP3DAQviPxH0Y-Fam7SRYoYE69cAKKRCt1T6uJPbtr4UfkR5ao6n-vnc2KHKgsZWb8zeOLv0HeXFzxP4FfcxZV1MTuA181nL04KTBEqOvVNTzRuxJoQwGbDEoKwqsuKmfH_Js7zh48EWhCb5XdwdY7Az_3BD86svDLqp58UHGAfYwdr6rD4bB0GVqiWKa3qrhjbXV-dn62WCyKeU3GoB-K--UFfYTf4LawvigXkHOgOA_Og3GeQNmt8wYLXCfA1qUIn_4C9CrzmNG4nPMIMcmhSlaS33mUCSNVwiUfTkY4Sc1quY9mRvR4Pg_G96k5C-QVhU2ncdAqxI1W9q1gGfpfSqT3OEu54Uzs0VrS7P45x1dZMdwdNalHH79C_rZTcudVj2Io0besZ2q1EhOUPbLhqHVu8xrRSvQS1vnZUkvw-IHf5qnOGLJxnJTX5LvW7jB17V3Mao8UOKtHm_v1SpLbeAqdm7pcXHK2pjBN91iKwrwq7w-ZlqT86Nacli0MVmbpTst2hP7-A2zK1Vc,";}s:6:"status";s:3:"ACK";s:5:"error";s:0:"";}}', '2011-08-24 17:26:50', '2011-08-24 17:26:50', 2, 'N'),
(44, 12, 'transfer-file-to-media-server', 'htaccess', 'a:4:{s:11:"source_path";s:5:"1315/";s:16:"destination_path";s:5:"1315/";s:15:"source_filename";s:8:"htaccess";s:20:"destination_filename";s:9:".htaccess";}', 'a:11:{s:11:"source_path";s:5:"1315/";s:16:"destination_path";s:5:"1315/";s:15:"source_filename";s:8:"htaccess";s:20:"destination_filename";s:9:".htaccess";s:7:"cqIndex";s:2:"44";s:6:"number";i:1;s:6:"result";s:1:"Y";s:5:"debug";s:154:"/data/web/media-podcast-api-dev.open.ac.uk/file-transfer/destination/44_1315%2Fhtaccess to /data/web/media-podcast-dev.open.ac.uk/www/feeds/1315/.htaccess";s:6:"status";s:1:"Y";s:7:"mqIndex";s:2:"12";s:4:"step";s:1:"3";}', '2011-08-25 10:11:03', '2011-08-25 10:11:14', 3, 'C'),
(45, 13, 'transfer-file-to-media-server', 'htaccess', 'a:4:{s:11:"source_path";s:5:"1311/";s:16:"destination_path";s:5:"1311/";s:15:"source_filename";s:8:"htaccess";s:20:"destination_filename";s:9:".htaccess";}', 'a:11:{s:11:"source_path";s:5:"1311/";s:16:"destination_path";s:5:"1311/";s:15:"source_filename";s:8:"htaccess";s:20:"destination_filename";s:9:".htaccess";s:7:"cqIndex";s:2:"45";s:6:"number";i:1;s:6:"result";s:1:"Y";s:5:"debug";s:154:"/data/web/media-podcast-api-dev.open.ac.uk/file-transfer/destination/45_1311%2Fhtaccess to /data/web/media-podcast-dev.open.ac.uk/www/feeds/1311/.htaccess";s:6:"status";s:1:"Y";s:7:"mqIndex";s:2:"13";s:4:"step";s:1:"3";}', '2011-08-25 10:11:03', '2011-08-25 10:11:14', 3, 'C'),
(46, 14, 'transfer-file-to-media-server', 'htaccess', 'a:4:{s:11:"source_path";s:5:"1309/";s:16:"destination_path";s:5:"1309/";s:15:"source_filename";s:8:"htaccess";s:20:"destination_filename";s:9:".htaccess";}', 'a:11:{s:11:"source_path";s:5:"1309/";s:16:"destination_path";s:5:"1309/";s:15:"source_filename";s:8:"htaccess";s:20:"destination_filename";s:9:".htaccess";s:7:"cqIndex";s:2:"46";s:6:"number";i:1;s:6:"result";s:1:"Y";s:5:"debug";s:154:"/data/web/media-podcast-api-dev.open.ac.uk/file-transfer/destination/46_1309%2Fhtaccess to /data/web/media-podcast-dev.open.ac.uk/www/feeds/1309/.htaccess";s:6:"status";s:1:"Y";s:7:"mqIndex";s:2:"14";s:4:"step";s:1:"3";}', '2011-08-25 10:11:03', '2011-08-25 10:11:14', 3, 'C'),
(47, 15, 'transfer-file-to-media-server', 'htaccess', 'a:4:{s:11:"source_path";s:5:"1308/";s:16:"destination_path";s:5:"1308/";s:15:"source_filename";s:8:"htaccess";s:20:"destination_filename";s:9:".htaccess";}', 'a:11:{s:11:"source_path";s:5:"1308/";s:16:"destination_path";s:5:"1308/";s:15:"source_filename";s:8:"htaccess";s:20:"destination_filename";s:9:".htaccess";s:7:"cqIndex";s:2:"47";s:6:"number";i:1;s:6:"result";s:1:"Y";s:5:"debug";s:154:"/data/web/media-podcast-api-dev.open.ac.uk/file-transfer/destination/47_1308%2Fhtaccess to /data/web/media-podcast-dev.open.ac.uk/www/feeds/1308/.htaccess";s:6:"status";s:1:"Y";s:7:"mqIndex";s:2:"15";s:4:"step";s:1:"3";}', '2011-08-25 10:11:04', '2011-08-25 10:11:14', 3, 'C'),
(48, 16, 'transfer-file-to-media-server', 'htaccess', 'a:4:{s:11:"source_path";s:5:"1307/";s:16:"destination_path";s:5:"1307/";s:15:"source_filename";s:8:"htaccess";s:20:"destination_filename";s:9:".htaccess";}', 'a:11:{s:11:"source_path";s:5:"1307/";s:16:"destination_path";s:5:"1307/";s:15:"source_filename";s:8:"htaccess";s:20:"destination_filename";s:9:".htaccess";s:7:"cqIndex";s:2:"48";s:6:"number";i:1;s:6:"result";s:1:"Y";s:5:"debug";s:154:"/data/web/media-podcast-api-dev.open.ac.uk/file-transfer/destination/48_1307%2Fhtaccess to /data/web/media-podcast-dev.open.ac.uk/www/feeds/1307/.htaccess";s:6:"status";s:1:"Y";s:7:"mqIndex";s:2:"16";s:4:"step";s:1:"3";}', '2011-08-25 10:11:04', '2011-08-25 10:11:14', 3, 'C'),
(49, 17, 'transfer-file-to-media-server', 'htaccess', 'a:4:{s:11:"source_path";s:11:"HelloWorld/";s:16:"destination_path";s:11:"HelloWorld/";s:15:"source_filename";s:8:"htaccess";s:20:"destination_filename";s:9:".htaccess";}', 'a:11:{s:11:"source_path";s:11:"HelloWorld/";s:16:"destination_path";s:11:"HelloWorld/";s:15:"source_filename";s:8:"htaccess";s:20:"destination_filename";s:9:".htaccess";s:7:"cqIndex";s:2:"49";s:6:"number";i:1;s:6:"result";s:1:"Y";s:5:"debug";s:166:"/data/web/media-podcast-api-dev.open.ac.uk/file-transfer/destination/49_HelloWorld%2Fhtaccess to /data/web/media-podcast-dev.open.ac.uk/www/feeds/HelloWorld/.htaccess";s:6:"status";s:1:"Y";s:7:"mqIndex";s:2:"17";s:4:"step";s:1:"3";}', '2011-08-25 10:11:04', '2011-08-25 10:11:14', 3, 'C'),
(50, 18, 'transfer-file-to-media-server', 'rss2.xml', 'a:4:{s:11:"source_path";s:36:"1588_testofmetadatadeepencoding/3gp/";s:15:"source_filename";s:8:"rss2.xml";s:16:"destination_path";s:36:"1588_testofmetadatadeepencoding/3gp/";s:20:"destination_filename";s:8:"rss2.xml";}', 'a:11:{s:11:"source_path";s:36:"1588_testofmetadatadeepencoding/3gp/";s:15:"source_filename";s:8:"rss2.xml";s:16:"destination_path";s:36:"1588_testofmetadatadeepencoding/3gp/";s:20:"destination_filename";s:8:"rss2.xml";s:7:"cqIndex";s:2:"50";s:6:"number";i:1;s:6:"result";s:1:"Y";s:5:"debug";s:217:"/data/web/media-podcast-api-dev.open.ac.uk/file-transfer/destination/50_1588_testofmetadatadeepencoding%2F3gp%2Frss2.xml to /data/web/media-podcast-dev.open.ac.uk/www/feeds/1588_testofmetadatadeepencoding/3gp/rss2.xml";s:6:"status";s:1:"Y";s:7:"mqIndex";s:2:"18";s:4:"step";s:1:"3";}', '2011-08-25 10:11:25', '2011-08-25 10:11:34', 3, 'C'),
(51, 18, 'transfer-file-to-media-server', 'rss2.xml', 'a:4:{s:11:"source_path";s:38:"1588_testofmetadatadeepencoding/audio/";s:15:"source_filename";s:8:"rss2.xml";s:16:"destination_path";s:38:"1588_testofmetadatadeepencoding/audio/";s:20:"destination_filename";s:8:"rss2.xml";}', 'a:11:{s:11:"source_path";s:38:"1588_testofmetadatadeepencoding/audio/";s:15:"source_filename";s:8:"rss2.xml";s:16:"destination_path";s:38:"1588_testofmetadatadeepencoding/audio/";s:20:"destination_filename";s:8:"rss2.xml";s:7:"cqIndex";s:2:"51";s:6:"number";i:1;s:6:"result";s:1:"Y";s:5:"debug";s:221:"/data/web/media-podcast-api-dev.open.ac.uk/file-transfer/destination/51_1588_testofmetadatadeepencoding%2Faudio%2Frss2.xml to /data/web/media-podcast-dev.open.ac.uk/www/feeds/1588_testofmetadatadeepencoding/audio/rss2.xml";s:6:"status";s:1:"Y";s:7:"mqIndex";s:2:"18";s:4:"step";s:1:"3";}', '2011-08-25 10:11:25', '2011-08-25 10:11:34', 3, 'C'),
(52, 18, 'transfer-file-to-media-server', 'rss2.xml', 'a:4:{s:11:"source_path";s:40:"1588_testofmetadatadeepencoding/desktop/";s:15:"source_filename";s:8:"rss2.xml";s:16:"destination_path";s:40:"1588_testofmetadatadeepencoding/desktop/";s:20:"destination_filename";s:8:"rss2.xml";}', 'a:11:{s:11:"source_path";s:40:"1588_testofmetadatadeepencoding/desktop/";s:15:"source_filename";s:8:"rss2.xml";s:16:"destination_path";s:40:"1588_testofmetadatadeepencoding/desktop/";s:20:"destination_filename";s:8:"rss2.xml";s:7:"cqIndex";s:2:"52";s:6:"number";i:1;s:6:"result";s:1:"Y";s:5:"debug";s:225:"/data/web/media-podcast-api-dev.open.ac.uk/file-transfer/destination/52_1588_testofmetadatadeepencoding%2Fdesktop%2Frss2.xml to /data/web/media-podcast-dev.open.ac.uk/www/feeds/1588_testofmetadatadeepencoding/desktop/rss2.xml";s:6:"status";s:1:"Y";s:7:"mqIndex";s:2:"18";s:4:"step";s:1:"3";}', '2011-08-25 10:11:25', '2011-08-25 10:11:34', 3, 'C'),
(53, 18, 'transfer-file-to-media-server', 'rss2.xml', 'a:4:{s:11:"source_path";s:35:"1588_testofmetadatadeepencoding/hd/";s:15:"source_filename";s:8:"rss2.xml";s:16:"destination_path";s:35:"1588_testofmetadatadeepencoding/hd/";s:20:"destination_filename";s:8:"rss2.xml";}', 'a:11:{s:11:"source_path";s:35:"1588_testofmetadatadeepencoding/hd/";s:15:"source_filename";s:8:"rss2.xml";s:16:"destination_path";s:35:"1588_testofmetadatadeepencoding/hd/";s:20:"destination_filename";s:8:"rss2.xml";s:7:"cqIndex";s:2:"53";s:6:"number";i:1;s:6:"result";s:1:"Y";s:5:"debug";s:215:"/data/web/media-podcast-api-dev.open.ac.uk/file-transfer/destination/53_1588_testofmetadatadeepencoding%2Fhd%2Frss2.xml to /data/web/media-podcast-dev.open.ac.uk/www/feeds/1588_testofmetadatadeepencoding/hd/rss2.xml";s:6:"status";s:1:"Y";s:7:"mqIndex";s:2:"18";s:4:"step";s:1:"3";}', '2011-08-25 10:11:25', '2011-08-25 10:11:34', 3, 'C'),
(54, 18, 'transfer-file-to-media-server', 'rss2.xml', 'a:4:{s:11:"source_path";s:39:"1588_testofmetadatadeepencoding/iphone/";s:15:"source_filename";s:8:"rss2.xml";s:16:"destination_path";s:39:"1588_testofmetadatadeepencoding/iphone/";s:20:"destination_filename";s:8:"rss2.xml";}', 'a:11:{s:11:"source_path";s:39:"1588_testofmetadatadeepencoding/iphone/";s:15:"source_filename";s:8:"rss2.xml";s:16:"destination_path";s:39:"1588_testofmetadatadeepencoding/iphone/";s:20:"destination_filename";s:8:"rss2.xml";s:7:"cqIndex";s:2:"54";s:6:"number";i:1;s:6:"result";s:1:"Y";s:5:"debug";s:223:"/data/web/media-podcast-api-dev.open.ac.uk/file-transfer/destination/54_1588_testofmetadatadeepencoding%2Fiphone%2Frss2.xml to /data/web/media-podcast-dev.open.ac.uk/www/feeds/1588_testofmetadatadeepencoding/iphone/rss2.xml";s:6:"status";s:1:"Y";s:7:"mqIndex";s:2:"18";s:4:"step";s:1:"3";}', '2011-08-25 10:11:25', '2011-08-25 10:11:34', 3, 'C'),
(55, 18, 'transfer-file-to-media-server', 'rss2.xml', 'a:4:{s:11:"source_path";s:37:"1588_testofmetadatadeepencoding/ipod/";s:15:"source_filename";s:8:"rss2.xml";s:16:"destination_path";s:37:"1588_testofmetadatadeepencoding/ipod/";s:20:"destination_filename";s:8:"rss2.xml";}', 'a:11:{s:11:"source_path";s:37:"1588_testofmetadatadeepencoding/ipod/";s:15:"source_filename";s:8:"rss2.xml";s:16:"destination_path";s:37:"1588_testofmetadatadeepencoding/ipod/";s:20:"destination_filename";s:8:"rss2.xml";s:7:"cqIndex";s:2:"55";s:6:"number";i:1;s:6:"result";s:1:"Y";s:5:"debug";s:219:"/data/web/media-podcast-api-dev.open.ac.uk/file-transfer/destination/55_1588_testofmetadatadeepencoding%2Fipod%2Frss2.xml to /data/web/media-podcast-dev.open.ac.uk/www/feeds/1588_testofmetadatadeepencoding/ipod/rss2.xml";s:6:"status";s:1:"Y";s:7:"mqIndex";s:2:"18";s:4:"step";s:1:"3";}', '2011-08-25 10:11:25', '2011-08-25 10:11:34', 3, 'C'),
(56, 18, 'transfer-file-to-media-server', 'rss2.xml', 'a:4:{s:11:"source_path";s:38:"1588_testofmetadatadeepencoding/large/";s:15:"source_filename";s:8:"rss2.xml";s:16:"destination_path";s:38:"1588_testofmetadatadeepencoding/large/";s:20:"destination_filename";s:8:"rss2.xml";}', 'a:11:{s:11:"source_path";s:38:"1588_testofmetadatadeepencoding/large/";s:15:"source_filename";s:8:"rss2.xml";s:16:"destination_path";s:38:"1588_testofmetadatadeepencoding/large/";s:20:"destination_filename";s:8:"rss2.xml";s:7:"cqIndex";s:2:"56";s:6:"number";i:1;s:6:"result";s:1:"Y";s:5:"debug";s:221:"/data/web/media-podcast-api-dev.open.ac.uk/file-transfer/destination/56_1588_testofmetadatadeepencoding%2Flarge%2Frss2.xml to /data/web/media-podcast-dev.open.ac.uk/www/feeds/1588_testofmetadatadeepencoding/large/rss2.xml";s:6:"status";s:1:"Y";s:7:"mqIndex";s:2:"18";s:4:"step";s:1:"3";}', '2011-08-25 10:11:25', '2011-08-25 10:11:34', 3, 'C'),
(57, 18, 'transfer-file-to-media-server', 'rss2.xml', 'a:4:{s:11:"source_path";s:43:"1588_testofmetadatadeepencoding/transcript/";s:15:"source_filename";s:8:"rss2.xml";s:16:"destination_path";s:43:"1588_testofmetadatadeepencoding/transcript/";s:20:"destination_filename";s:8:"rss2.xml";}', 'a:11:{s:11:"source_path";s:43:"1588_testofmetadatadeepencoding/transcript/";s:15:"source_filename";s:8:"rss2.xml";s:16:"destination_path";s:43:"1588_testofmetadatadeepencoding/transcript/";s:20:"destination_filename";s:8:"rss2.xml";s:7:"cqIndex";s:2:"57";s:6:"number";i:1;s:6:"result";s:1:"Y";s:5:"debug";s:231:"/data/web/media-podcast-api-dev.open.ac.uk/file-transfer/destination/57_1588_testofmetadatadeepencoding%2Ftranscript%2Frss2.xml to /data/web/media-podcast-dev.open.ac.uk/www/feeds/1588_testofmetadatadeepencoding/transcript/rss2.xml";s:6:"status";s:1:"Y";s:7:"mqIndex";s:2:"18";s:4:"step";s:1:"3";}', '2011-08-25 10:11:25', '2011-08-25 10:11:34', 3, 'C'),
(58, 18, 'transfer-file-to-media-server', 'rss2.xml', 'a:4:{s:11:"source_path";s:40:"1588_testofmetadatadeepencoding/youtube/";s:15:"source_filename";s:8:"rss2.xml";s:16:"destination_path";s:40:"1588_testofmetadatadeepencoding/youtube/";s:20:"destination_filename";s:8:"rss2.xml";}', 'a:11:{s:11:"source_path";s:40:"1588_testofmetadatadeepencoding/youtube/";s:15:"source_filename";s:8:"rss2.xml";s:16:"destination_path";s:40:"1588_testofmetadatadeepencoding/youtube/";s:20:"destination_filename";s:8:"rss2.xml";s:7:"cqIndex";s:2:"58";s:6:"number";i:1;s:6:"result";s:1:"Y";s:5:"debug";s:225:"/data/web/media-podcast-api-dev.open.ac.uk/file-transfer/destination/58_1588_testofmetadatadeepencoding%2Fyoutube%2Frss2.xml to /data/web/media-podcast-dev.open.ac.uk/www/feeds/1588_testofmetadatadeepencoding/youtube/rss2.xml";s:6:"status";s:1:"Y";s:7:"mqIndex";s:2:"18";s:4:"step";s:1:"3";}', '2011-08-25 10:11:25', '2011-08-25 10:11:34', 3, 'C'),
(59, 18, 'transfer-file-to-media-server', 'rss2.xml', 'a:4:{s:11:"source_path";s:38:"1588_testofmetadatadeepencoding/extra/";s:15:"source_filename";s:8:"rss2.xml";s:16:"destination_path";s:38:"1588_testofmetadatadeepencoding/extra/";s:20:"destination_filename";s:8:"rss2.xml";}', 'a:11:{s:11:"source_path";s:38:"1588_testofmetadatadeepencoding/extra/";s:15:"source_filename";s:8:"rss2.xml";s:16:"destination_path";s:38:"1588_testofmetadatadeepencoding/extra/";s:20:"destination_filename";s:8:"rss2.xml";s:7:"cqIndex";s:2:"59";s:6:"number";i:1;s:6:"result";s:1:"Y";s:5:"debug";s:221:"/data/web/media-podcast-api-dev.open.ac.uk/file-transfer/destination/59_1588_testofmetadatadeepencoding%2Fextra%2Frss2.xml to /data/web/media-podcast-dev.open.ac.uk/www/feeds/1588_testofmetadatadeepencoding/extra/rss2.xml";s:6:"status";s:1:"Y";s:7:"mqIndex";s:2:"18";s:4:"step";s:1:"3";}', '2011-08-25 10:11:25', '2011-08-25 10:11:34', 3, 'C'),
(60, 18, 'transfer-file-to-media-server', 'rss2.xml', 'a:4:{s:11:"source_path";s:32:"1588_testofmetadatadeepencoding/";s:15:"source_filename";s:8:"rss2.xml";s:16:"destination_path";s:32:"1588_testofmetadatadeepencoding/";s:20:"destination_filename";s:8:"rss2.xml";}', 'a:11:{s:11:"source_path";s:32:"1588_testofmetadatadeepencoding/";s:15:"source_filename";s:8:"rss2.xml";s:16:"destination_path";s:32:"1588_testofmetadatadeepencoding/";s:20:"destination_filename";s:8:"rss2.xml";s:7:"cqIndex";s:2:"60";s:6:"number";i:1;s:6:"result";s:1:"Y";s:5:"debug";s:207:"/data/web/media-podcast-api-dev.open.ac.uk/file-transfer/destination/60_1588_testofmetadatadeepencoding%2Frss2.xml to /data/web/media-podcast-dev.open.ac.uk/www/feeds/1588_testofmetadatadeepencoding/rss2.xml";s:6:"status";s:1:"Y";s:7:"mqIndex";s:2:"18";s:4:"step";s:1:"3";}', '2011-08-25 10:11:25', '2011-08-25 10:11:34', 3, 'C'),
(61, 18, 'transfer-file-to-media-server', 'rss2.xml', 'a:4:{s:11:"source_path";s:37:"1588_testofmetadatadeepencoding/high/";s:15:"source_filename";s:8:"rss2.xml";s:16:"destination_path";s:37:"1588_testofmetadatadeepencoding/high/";s:20:"destination_filename";s:8:"rss2.xml";}', 'a:11:{s:11:"source_path";s:37:"1588_testofmetadatadeepencoding/high/";s:15:"source_filename";s:8:"rss2.xml";s:16:"destination_path";s:37:"1588_testofmetadatadeepencoding/high/";s:20:"destination_filename";s:8:"rss2.xml";s:7:"cqIndex";s:2:"61";s:6:"number";i:1;s:6:"result";s:1:"Y";s:5:"debug";s:219:"/data/web/media-podcast-api-dev.open.ac.uk/file-transfer/destination/61_1588_testofmetadatadeepencoding%2Fhigh%2Frss2.xml to /data/web/media-podcast-dev.open.ac.uk/www/feeds/1588_testofmetadatadeepencoding/high/rss2.xml";s:6:"status";s:1:"Y";s:7:"mqIndex";s:2:"18";s:4:"step";s:1:"3";}', '2011-08-25 10:11:25', '2011-08-25 10:11:34', 3, 'C'),
(62, 18, 'transfer-file-to-media-server', 'rss2.xml', 'a:4:{s:11:"source_path";s:41:"1588_testofmetadatadeepencoding/ipod-all/";s:15:"source_filename";s:8:"rss2.xml";s:16:"destination_path";s:41:"1588_testofmetadatadeepencoding/ipod-all/";s:20:"destination_filename";s:8:"rss2.xml";}', 'a:11:{s:11:"source_path";s:41:"1588_testofmetadatadeepencoding/ipod-all/";s:15:"source_filename";s:8:"rss2.xml";s:16:"destination_path";s:41:"1588_testofmetadatadeepencoding/ipod-all/";s:20:"destination_filename";s:8:"rss2.xml";s:7:"cqIndex";s:2:"62";s:6:"number";i:1;s:6:"result";s:1:"Y";s:5:"debug";s:227:"/data/web/media-podcast-api-dev.open.ac.uk/file-transfer/destination/62_1588_testofmetadatadeepencoding%2Fipod-all%2Frss2.xml to /data/web/media-podcast-dev.open.ac.uk/www/feeds/1588_testofmetadatadeepencoding/ipod-all/rss2.xml";s:6:"status";s:1:"Y";s:7:"mqIndex";s:2:"18";s:4:"step";s:1:"3";}', '2011-08-25 10:11:25', '2011-08-25 10:11:36', 3, 'C'),
(63, 18, 'transfer-file-to-media-server', 'rss2.xml', 'a:4:{s:11:"source_path";s:44:"1588_testofmetadatadeepencoding/desktop-all/";s:15:"source_filename";s:8:"rss2.xml";s:16:"destination_path";s:44:"1588_testofmetadatadeepencoding/desktop-all/";s:20:"destination_filename";s:8:"rss2.xml";}', 'a:11:{s:11:"source_path";s:44:"1588_testofmetadatadeepencoding/desktop-all/";s:15:"source_filename";s:8:"rss2.xml";s:16:"destination_path";s:44:"1588_testofmetadatadeepencoding/desktop-all/";s:20:"destination_filename";s:8:"rss2.xml";s:7:"cqIndex";s:2:"63";s:6:"number";i:1;s:6:"result";s:1:"Y";s:5:"debug";s:233:"/data/web/media-podcast-api-dev.open.ac.uk/file-transfer/destination/63_1588_testofmetadatadeepencoding%2Fdesktop-all%2Frss2.xml to /data/web/media-podcast-dev.open.ac.uk/www/feeds/1588_testofmetadatadeepencoding/desktop-all/rss2.xml";s:6:"status";s:1:"Y";s:7:"mqIndex";s:2:"18";s:4:"step";s:1:"3";}', '2011-08-25 10:11:25', '2011-08-25 10:11:36', 3, 'C'),
(64, 18, 'transfer-file-to-media-server', 'rss2.xml', 'a:4:{s:11:"source_path";s:37:"1588_testofmetadatadeepencoding/epub/";s:15:"source_filename";s:8:"rss2.xml";s:16:"destination_path";s:37:"1588_testofmetadatadeepencoding/epub/";s:20:"destination_filename";s:8:"rss2.xml";}', 'a:11:{s:11:"source_path";s:37:"1588_testofmetadatadeepencoding/epub/";s:15:"source_filename";s:8:"rss2.xml";s:16:"destination_path";s:37:"1588_testofmetadatadeepencoding/epub/";s:20:"destination_filename";s:8:"rss2.xml";s:7:"cqIndex";s:2:"64";s:6:"number";i:1;s:6:"result";s:1:"Y";s:5:"debug";s:219:"/data/web/media-podcast-api-dev.open.ac.uk/file-transfer/destination/64_1588_testofmetadatadeepencoding%2Fepub%2Frss2.xml to /data/web/media-podcast-dev.open.ac.uk/www/feeds/1588_testofmetadatadeepencoding/epub/rss2.xml";s:6:"status";s:1:"Y";s:7:"mqIndex";s:2:"18";s:4:"step";s:1:"3";}', '2011-08-25 10:11:25', '2011-08-25 10:11:36', 3, 'C'),
(65, 19, 'deliver-without-transcoding', '15225_Maid_with_the_Flaxen_Hair.mp3', 'a:6:{s:11:"source_path";s:32:"1588_testofmetadatadeepencoding/";s:16:"destination_path";s:32:"1588_testofmetadatadeepencoding/";s:15:"source_filename";s:35:"15225_Maid_with_the_Flaxen_Hair.mp3";s:20:"destination_filename";s:35:"15225_Maid_with_the_Flaxen_Hair.mp3";s:15:"podcast_item_id";s:5:"15225";s:8:"workflow";s:19:"not-for-transcoding";}', 'a:4:{s:7:"cqIndex";s:2:"65";s:6:"number";i:1;s:6:"result";s:1:"Y";s:5:"debug";a:5:{s:7:"command";s:20:"encoder-check-output";s:6:"number";i:1;s:4:"data";a:6:{s:11:"source_path";s:32:"1588_testofmetadatadeepencoding/";s:16:"destination_path";s:32:"1588_testofmetadatadeepencoding/";s:15:"source_filename";s:35:"15225_Maid_with_the_Flaxen_Hair.mp3";s:20:"destination_filename";s:35:"15225_Maid_with_the_Flaxen_Hair.mp3";s:15:"podcast_item_id";s:5:"15225";s:8:"workflow";s:19:"not-for-transcoding";}s:6:"status";s:1:"Y";s:5:"error";s:0:"";}}', '2011-08-25 10:13:15', '2011-08-25 10:13:24', 4, 'N'),
(66, 19, 'deliver-without-transcoding', '15225_Maid_with_the_Flaxen_Hair-____.mp3', 'a:9:{s:11:"source_path";s:32:"1588_testofmetadatadeepencoding/";s:16:"destination_path";s:33:"1588_testofmetadatadeepencoding//";s:15:"source_filename";s:40:"15225_Maid_with_the_Flaxen_Hair-____.mp3";s:20:"destination_filename";s:35:"15225_Maid_with_the_Flaxen_Hair.mp3";s:15:"podcast_item_id";s:5:"15225";s:8:"workflow";s:19:"not-for-transcoding";s:17:"original_filename";N;s:7:"flavour";s:7:"default";s:8:"duration";s:4:"1.35";}', 'a:16:{s:11:"source_path";s:32:"1588_testofmetadatadeepencoding/";s:16:"destination_path";s:33:"1588_testofmetadatadeepencoding//";s:15:"source_filename";s:40:"15225_Maid_with_the_Flaxen_Hair-____.mp3";s:20:"destination_filename";s:35:"15225_Maid_with_the_Flaxen_Hair.mp3";s:15:"podcast_item_id";s:5:"15225";s:8:"workflow";s:19:"not-for-transcoding";s:17:"original_filename";N;s:7:"flavour";s:7:"default";s:8:"duration";s:4:"1.35";s:7:"cqIndex";s:2:"66";s:6:"number";i:1;s:6:"result";s:1:"Y";s:5:"debug";s:267:"/data/web/media-podcast-api-dev.open.ac.uk/file-transfer/destination/66_1588_testofmetadatadeepencoding%2F15225_Maid_with_the_Flaxen_Hair-____.mp3 to /data/web/media-podcast-dev.open.ac.uk/www/feeds/1588_testofmetadatadeepencoding//15225_Maid_with_the_Flaxen_Hair.mp3";s:6:"status";s:1:"Y";s:7:"mqIndex";s:2:"19";s:4:"step";s:1:"8";}', '2011-08-25 10:13:15', '2011-08-25 10:13:55', 8, 'C'),
(67, 19, 'deliver-without-transcoding', '15225_Maid_with_the_Flaxen_Hair-____.mp3', 'a:9:{s:11:"source_path";s:32:"1588_testofmetadatadeepencoding/";s:16:"destination_path";s:41:"1588_testofmetadatadeepencoding/ipod-all/";s:15:"source_filename";s:40:"15225_Maid_with_the_Flaxen_Hair-____.mp3";s:20:"destination_filename";s:35:"15225_Maid_with_the_Flaxen_Hair.mp3";s:15:"podcast_item_id";s:5:"15225";s:8:"workflow";s:19:"not-for-transcoding";s:17:"original_filename";N;s:7:"flavour";s:8:"ipod-all";s:8:"duration";s:4:"1.35";}', 'a:16:{s:11:"source_path";s:32:"1588_testofmetadatadeepencoding/";s:16:"destination_path";s:41:"1588_testofmetadatadeepencoding/ipod-all/";s:15:"source_filename";s:40:"15225_Maid_with_the_Flaxen_Hair-____.mp3";s:20:"destination_filename";s:35:"15225_Maid_with_the_Flaxen_Hair.mp3";s:15:"podcast_item_id";s:5:"15225";s:8:"workflow";s:19:"not-for-transcoding";s:17:"original_filename";N;s:7:"flavour";s:8:"ipod-all";s:8:"duration";s:4:"1.35";s:7:"cqIndex";s:2:"67";s:6:"number";i:1;s:6:"result";s:1:"Y";s:5:"debug";s:275:"/data/web/media-podcast-api-dev.open.ac.uk/file-transfer/destination/67_1588_testofmetadatadeepencoding%2F15225_Maid_with_the_Flaxen_Hair-____.mp3 to /data/web/media-podcast-dev.open.ac.uk/www/feeds/1588_testofmetadatadeepencoding/ipod-all/15225_Maid_with_the_Flaxen_Hair.mp3";s:6:"status";s:1:"Y";s:7:"mqIndex";s:2:"19";s:4:"step";s:1:"8";}', '2011-08-25 10:13:15', '2011-08-25 10:13:55', 8, 'C'),
(68, 21, 'update-file-metadata', '15225_Maid_with_the_Flaxen_Hair.mp3', 'a:3:{s:16:"destination_path";s:41:"1588_testofmetadatadeepencoding/ipod-all/";s:20:"destination_filename";s:35:"15225_Maid_with_the_Flaxen_Hair.mp3";s:9:"meta_data";b:0;}', 'a:9:{s:16:"destination_path";s:41:"1588_testofmetadatadeepencoding/ipod-all/";s:20:"destination_filename";s:35:"15225_Maid_with_the_Flaxen_Hair.mp3";s:9:"meta_data";b:0;s:7:"cqIndex";s:2:"68";s:6:"number";i:1;s:6:"result";s:1:"Y";s:6:"status";s:1:"Y";s:7:"mqIndex";s:2:"21";s:4:"step";s:1:"2";}', '2011-08-25 10:14:00', '2011-08-25 10:14:04', 2, 'C');

-- --------------------------------------------------------

--
-- Table structure for table `queue_messages`
--

CREATE TABLE IF NOT EXISTS `queue_messages` (
  `mq_index` int(10) NOT NULL AUTO_INCREMENT,
  `mq_command` varchar(50) COLLATE utf8_unicode_ci DEFAULT NULL,
  `mq_number` int(10) NOT NULL,
  `mq_returned` int(10) NOT NULL,
  `mq_failed` int(4) NOT NULL,
  `mq_time_start` datetime DEFAULT NULL,
  `mq_time_complete` datetime DEFAULT NULL,
  `mq_result` text COLLATE utf8_unicode_ci NOT NULL,
  `mq_retry_count` int(10) NOT NULL,
  `mq_status` enum('Y','N','R','F','C','S','T') COLLATE utf8_unicode_ci DEFAULT NULL,
  PRIMARY KEY (`mq_index`),
  KEY `mq_time_start` (`mq_time_start`),
  KEY `mq_status` (`mq_status`),
  KEY `mq_command` (`mq_command`)
) ENGINE=InnoDB  DEFAULT CHARSET=utf8 COLLATE=utf8_unicode_ci ROW_FORMAT=COMPACT AUTO_INCREMENT=22 ;

--
-- Dumping data for table `queue_messages`
--

INSERT INTO `queue_messages` (`mq_index`, `mq_command`, `mq_number`, `mq_returned`, `mq_failed`, `mq_time_start`, `mq_time_complete`, `mq_result`, `mq_retry_count`, `mq_status`) VALUES
(5, 'update-file-metadata', 1, 0, 0, '2011-08-24 16:32:31', NULL, '', 0, 'N'),
(8, 'transcode-media-and-deliver', 9, 8, 0, '2011-08-24 17:15:13', '2011-08-24 17:17:18', 'a:1:{i:0;a:16:{s:8:"workflow";s:5:"video";s:11:"source_path";s:18:"1586_ianpodcast24/";s:16:"destination_path";s:30:"1586_ianpodcast24/desktop-all/";s:15:"source_filename";s:50:"15224_dd205-mexico-economic-aspirations-g-480p.mov";s:20:"destination_filename";s:45:"15224_dd205-mexico-economic-aspirations-g.mov";s:15:"podcast_item_id";s:5:"15224";s:17:"original_filename";N;s:7:"flavour";s:11:"desktop-all";s:8:"duration";s:4:"1.35";s:7:"cqIndex";s:2:"26";s:6:"number";i:1;s:6:"result";s:1:"Y";s:5:"debug";s:270:"/data/web/media-podcast-api-dev.open.ac.uk/file-transfer/destination/26_1586_ianpodcast24%2F15224_dd205-mexico-economic-aspirations-g-480p.mov to /data/web/media-podcast-dev.open.ac.uk/www/feeds/1586_ianpodcast24/desktop-all/15224_dd205-mexico-economic-aspirations-g.mov";s:6:"status";s:1:"Y";s:7:"mqIndex";s:1:"8";s:4:"step";s:1:"8";}}', 1, 'N'),
(11, 'youtube-file-upload', 1, 0, 0, '2011-08-24 17:26:50', NULL, '', 0, 'N'),
(12, 'transfer-file-to-media-server', 1, 0, 0, '2011-08-25 10:11:03', '2011-08-25 10:11:14', 'a:1:{i:0;a:11:{s:11:"source_path";s:5:"1315/";s:16:"destination_path";s:5:"1315/";s:15:"source_filename";s:8:"htaccess";s:20:"destination_filename";s:9:".htaccess";s:7:"cqIndex";s:2:"44";s:6:"number";i:1;s:6:"result";s:1:"Y";s:5:"debug";s:154:"/data/web/media-podcast-api-dev.open.ac.uk/file-transfer/destination/44_1315%2Fhtaccess to /data/web/media-podcast-dev.open.ac.uk/www/feeds/1315/.htaccess";s:6:"status";s:1:"Y";s:7:"mqIndex";s:2:"12";s:4:"step";s:1:"3";}}', 1, 'C'),
(13, 'transfer-file-to-media-server', 1, 0, 0, '2011-08-25 10:11:03', '2011-08-25 10:11:14', 'a:1:{i:0;a:11:{s:11:"source_path";s:5:"1311/";s:16:"destination_path";s:5:"1311/";s:15:"source_filename";s:8:"htaccess";s:20:"destination_filename";s:9:".htaccess";s:7:"cqIndex";s:2:"45";s:6:"number";i:1;s:6:"result";s:1:"Y";s:5:"debug";s:154:"/data/web/media-podcast-api-dev.open.ac.uk/file-transfer/destination/45_1311%2Fhtaccess to /data/web/media-podcast-dev.open.ac.uk/www/feeds/1311/.htaccess";s:6:"status";s:1:"Y";s:7:"mqIndex";s:2:"13";s:4:"step";s:1:"3";}}', 1, 'C'),
(14, 'transfer-file-to-media-server', 1, 0, 0, '2011-08-25 10:11:03', '2011-08-25 10:11:14', 'a:1:{i:0;a:11:{s:11:"source_path";s:5:"1309/";s:16:"destination_path";s:5:"1309/";s:15:"source_filename";s:8:"htaccess";s:20:"destination_filename";s:9:".htaccess";s:7:"cqIndex";s:2:"46";s:6:"number";i:1;s:6:"result";s:1:"Y";s:5:"debug";s:154:"/data/web/media-podcast-api-dev.open.ac.uk/file-transfer/destination/46_1309%2Fhtaccess to /data/web/media-podcast-dev.open.ac.uk/www/feeds/1309/.htaccess";s:6:"status";s:1:"Y";s:7:"mqIndex";s:2:"14";s:4:"step";s:1:"3";}}', 1, 'C'),
(15, 'transfer-file-to-media-server', 1, 0, 0, '2011-08-25 10:11:04', '2011-08-25 10:11:14', 'a:1:{i:0;a:11:{s:11:"source_path";s:5:"1308/";s:16:"destination_path";s:5:"1308/";s:15:"source_filename";s:8:"htaccess";s:20:"destination_filename";s:9:".htaccess";s:7:"cqIndex";s:2:"47";s:6:"number";i:1;s:6:"result";s:1:"Y";s:5:"debug";s:154:"/data/web/media-podcast-api-dev.open.ac.uk/file-transfer/destination/47_1308%2Fhtaccess to /data/web/media-podcast-dev.open.ac.uk/www/feeds/1308/.htaccess";s:6:"status";s:1:"Y";s:7:"mqIndex";s:2:"15";s:4:"step";s:1:"3";}}', 1, 'C'),
(16, 'transfer-file-to-media-server', 1, 0, 0, '2011-08-25 10:11:04', '2011-08-25 10:11:14', 'a:1:{i:0;a:11:{s:11:"source_path";s:5:"1307/";s:16:"destination_path";s:5:"1307/";s:15:"source_filename";s:8:"htaccess";s:20:"destination_filename";s:9:".htaccess";s:7:"cqIndex";s:2:"48";s:6:"number";i:1;s:6:"result";s:1:"Y";s:5:"debug";s:154:"/data/web/media-podcast-api-dev.open.ac.uk/file-transfer/destination/48_1307%2Fhtaccess to /data/web/media-podcast-dev.open.ac.uk/www/feeds/1307/.htaccess";s:6:"status";s:1:"Y";s:7:"mqIndex";s:2:"16";s:4:"step";s:1:"3";}}', 1, 'C'),
(17, 'transfer-file-to-media-server', 1, 0, 0, '2011-08-25 10:11:04', '2011-08-25 10:11:14', 'a:1:{i:0;a:11:{s:11:"source_path";s:11:"HelloWorld/";s:16:"destination_path";s:11:"HelloWorld/";s:15:"source_filename";s:8:"htaccess";s:20:"destination_filename";s:9:".htaccess";s:7:"cqIndex";s:2:"49";s:6:"number";i:1;s:6:"result";s:1:"Y";s:5:"debug";s:166:"/data/web/media-podcast-api-dev.open.ac.uk/file-transfer/destination/49_HelloWorld%2Fhtaccess to /data/web/media-podcast-dev.open.ac.uk/www/feeds/HelloWorld/.htaccess";s:6:"status";s:1:"Y";s:7:"mqIndex";s:2:"17";s:4:"step";s:1:"3";}}', 1, 'C'),
(18, 'transfer-file-to-media-server', 15, 0, 0, '2011-08-25 10:11:25', '2011-08-25 10:11:36', 'a:15:{i:0;a:11:{s:11:"source_path";s:36:"1588_testofmetadatadeepencoding/3gp/";s:15:"source_filename";s:8:"rss2.xml";s:16:"destination_path";s:36:"1588_testofmetadatadeepencoding/3gp/";s:20:"destination_filename";s:8:"rss2.xml";s:7:"cqIndex";s:2:"50";s:6:"number";i:1;s:6:"result";s:1:"Y";s:5:"debug";s:217:"/data/web/media-podcast-api-dev.open.ac.uk/file-transfer/destination/50_1588_testofmetadatadeepencoding%2F3gp%2Frss2.xml to /data/web/media-podcast-dev.open.ac.uk/www/feeds/1588_testofmetadatadeepencoding/3gp/rss2.xml";s:6:"status";s:1:"Y";s:7:"mqIndex";s:2:"18";s:4:"step";s:1:"3";}i:1;a:11:{s:11:"source_path";s:38:"1588_testofmetadatadeepencoding/audio/";s:15:"source_filename";s:8:"rss2.xml";s:16:"destination_path";s:38:"1588_testofmetadatadeepencoding/audio/";s:20:"destination_filename";s:8:"rss2.xml";s:7:"cqIndex";s:2:"51";s:6:"number";i:2;s:6:"result";s:1:"Y";s:5:"debug";s:221:"/data/web/media-podcast-api-dev.open.ac.uk/file-transfer/destination/51_1588_testofmetadatadeepencoding%2Faudio%2Frss2.xml to /data/web/media-podcast-dev.open.ac.uk/www/feeds/1588_testofmetadatadeepencoding/audio/rss2.xml";s:6:"status";s:1:"Y";s:7:"mqIndex";s:2:"18";s:4:"step";s:1:"3";}i:2;a:11:{s:11:"source_path";s:40:"1588_testofmetadatadeepencoding/desktop/";s:15:"source_filename";s:8:"rss2.xml";s:16:"destination_path";s:40:"1588_testofmetadatadeepencoding/desktop/";s:20:"destination_filename";s:8:"rss2.xml";s:7:"cqIndex";s:2:"52";s:6:"number";i:3;s:6:"result";s:1:"Y";s:5:"debug";s:225:"/data/web/media-podcast-api-dev.open.ac.uk/file-transfer/destination/52_1588_testofmetadatadeepencoding%2Fdesktop%2Frss2.xml to /data/web/media-podcast-dev.open.ac.uk/www/feeds/1588_testofmetadatadeepencoding/desktop/rss2.xml";s:6:"status";s:1:"Y";s:7:"mqIndex";s:2:"18";s:4:"step";s:1:"3";}i:3;a:11:{s:11:"source_path";s:35:"1588_testofmetadatadeepencoding/hd/";s:15:"source_filename";s:8:"rss2.xml";s:16:"destination_path";s:35:"1588_testofmetadatadeepencoding/hd/";s:20:"destination_filename";s:8:"rss2.xml";s:7:"cqIndex";s:2:"53";s:6:"number";i:4;s:6:"result";s:1:"Y";s:5:"debug";s:215:"/data/web/media-podcast-api-dev.open.ac.uk/file-transfer/destination/53_1588_testofmetadatadeepencoding%2Fhd%2Frss2.xml to /data/web/media-podcast-dev.open.ac.uk/www/feeds/1588_testofmetadatadeepencoding/hd/rss2.xml";s:6:"status";s:1:"Y";s:7:"mqIndex";s:2:"18";s:4:"step";s:1:"3";}i:4;a:11:{s:11:"source_path";s:39:"1588_testofmetadatadeepencoding/iphone/";s:15:"source_filename";s:8:"rss2.xml";s:16:"destination_path";s:39:"1588_testofmetadatadeepencoding/iphone/";s:20:"destination_filename";s:8:"rss2.xml";s:7:"cqIndex";s:2:"54";s:6:"number";i:5;s:6:"result";s:1:"Y";s:5:"debug";s:223:"/data/web/media-podcast-api-dev.open.ac.uk/file-transfer/destination/54_1588_testofmetadatadeepencoding%2Fiphone%2Frss2.xml to /data/web/media-podcast-dev.open.ac.uk/www/feeds/1588_testofmetadatadeepencoding/iphone/rss2.xml";s:6:"status";s:1:"Y";s:7:"mqIndex";s:2:"18";s:4:"step";s:1:"3";}i:5;a:11:{s:11:"source_path";s:37:"1588_testofmetadatadeepencoding/ipod/";s:15:"source_filename";s:8:"rss2.xml";s:16:"destination_path";s:37:"1588_testofmetadatadeepencoding/ipod/";s:20:"destination_filename";s:8:"rss2.xml";s:7:"cqIndex";s:2:"55";s:6:"number";i:6;s:6:"result";s:1:"Y";s:5:"debug";s:219:"/data/web/media-podcast-api-dev.open.ac.uk/file-transfer/destination/55_1588_testofmetadatadeepencoding%2Fipod%2Frss2.xml to /data/web/media-podcast-dev.open.ac.uk/www/feeds/1588_testofmetadatadeepencoding/ipod/rss2.xml";s:6:"status";s:1:"Y";s:7:"mqIndex";s:2:"18";s:4:"step";s:1:"3";}i:6;a:11:{s:11:"source_path";s:38:"1588_testofmetadatadeepencoding/large/";s:15:"source_filename";s:8:"rss2.xml";s:16:"destination_path";s:38:"1588_testofmetadatadeepencoding/large/";s:20:"destination_filename";s:8:"rss2.xml";s:7:"cqIndex";s:2:"56";s:6:"number";i:7;s:6:"result";s:1:"Y";s:5:"debug";s:221:"/data/web/media-podcast-api-dev.open.ac.uk/file-transfer/destination/56_1588_testofmetadatadeepencoding%2Flarge%2Frss2.xml to /data/web/media-podcast-dev.open.ac.uk/www/feeds/1588_testofmetadatadeepencoding/large/rss2.xml";s:6:"status";s:1:"Y";s:7:"mqIndex";s:2:"18";s:4:"step";s:1:"3";}i:7;a:11:{s:11:"source_path";s:43:"1588_testofmetadatadeepencoding/transcript/";s:15:"source_filename";s:8:"rss2.xml";s:16:"destination_path";s:43:"1588_testofmetadatadeepencoding/transcript/";s:20:"destination_filename";s:8:"rss2.xml";s:7:"cqIndex";s:2:"57";s:6:"number";i:8;s:6:"result";s:1:"Y";s:5:"debug";s:231:"/data/web/media-podcast-api-dev.open.ac.uk/file-transfer/destination/57_1588_testofmetadatadeepencoding%2Ftranscript%2Frss2.xml to /data/web/media-podcast-dev.open.ac.uk/www/feeds/1588_testofmetadatadeepencoding/transcript/rss2.xml";s:6:"status";s:1:"Y";s:7:"mqIndex";s:2:"18";s:4:"step";s:1:"3";}i:8;a:11:{s:11:"source_path";s:40:"1588_testofmetadatadeepencoding/youtube/";s:15:"source_filename";s:8:"rss2.xml";s:16:"destination_path";s:40:"1588_testofmetadatadeepencoding/youtube/";s:20:"destination_filename";s:8:"rss2.xml";s:7:"cqIndex";s:2:"58";s:6:"number";i:9;s:6:"result";s:1:"Y";s:5:"debug";s:225:"/data/web/media-podcast-api-dev.open.ac.uk/file-transfer/destination/58_1588_testofmetadatadeepencoding%2Fyoutube%2Frss2.xml to /data/web/media-podcast-dev.open.ac.uk/www/feeds/1588_testofmetadatadeepencoding/youtube/rss2.xml";s:6:"status";s:1:"Y";s:7:"mqIndex";s:2:"18";s:4:"step";s:1:"3";}i:9;a:11:{s:11:"source_path";s:38:"1588_testofmetadatadeepencoding/extra/";s:15:"source_filename";s:8:"rss2.xml";s:16:"destination_path";s:38:"1588_testofmetadatadeepencoding/extra/";s:20:"destination_filename";s:8:"rss2.xml";s:7:"cqIndex";s:2:"59";s:6:"number";i:10;s:6:"result";s:1:"Y";s:5:"debug";s:221:"/data/web/media-podcast-api-dev.open.ac.uk/file-transfer/destination/59_1588_testofmetadatadeepencoding%2Fextra%2Frss2.xml to /data/web/media-podcast-dev.open.ac.uk/www/feeds/1588_testofmetadatadeepencoding/extra/rss2.xml";s:6:"status";s:1:"Y";s:7:"mqIndex";s:2:"18";s:4:"step";s:1:"3";}i:10;a:11:{s:11:"source_path";s:32:"1588_testofmetadatadeepencoding/";s:15:"source_filename";s:8:"rss2.xml";s:16:"destination_path";s:32:"1588_testofmetadatadeepencoding/";s:20:"destination_filename";s:8:"rss2.xml";s:7:"cqIndex";s:2:"60";s:6:"number";i:11;s:6:"result";s:1:"Y";s:5:"debug";s:207:"/data/web/media-podcast-api-dev.open.ac.uk/file-transfer/destination/60_1588_testofmetadatadeepencoding%2Frss2.xml to /data/web/media-podcast-dev.open.ac.uk/www/feeds/1588_testofmetadatadeepencoding/rss2.xml";s:6:"status";s:1:"Y";s:7:"mqIndex";s:2:"18";s:4:"step";s:1:"3";}i:11;a:11:{s:11:"source_path";s:37:"1588_testofmetadatadeepencoding/high/";s:15:"source_filename";s:8:"rss2.xml";s:16:"destination_path";s:37:"1588_testofmetadatadeepencoding/high/";s:20:"destination_filename";s:8:"rss2.xml";s:7:"cqIndex";s:2:"61";s:6:"number";i:12;s:6:"result";s:1:"Y";s:5:"debug";s:219:"/data/web/media-podcast-api-dev.open.ac.uk/file-transfer/destination/61_1588_testofmetadatadeepencoding%2Fhigh%2Frss2.xml to /data/web/media-podcast-dev.open.ac.uk/www/feeds/1588_testofmetadatadeepencoding/high/rss2.xml";s:6:"status";s:1:"Y";s:7:"mqIndex";s:2:"18";s:4:"step";s:1:"3";}i:12;a:11:{s:11:"source_path";s:41:"1588_testofmetadatadeepencoding/ipod-all/";s:15:"source_filename";s:8:"rss2.xml";s:16:"destination_path";s:41:"1588_testofmetadatadeepencoding/ipod-all/";s:20:"destination_filename";s:8:"rss2.xml";s:7:"cqIndex";s:2:"62";s:6:"number";i:13;s:6:"result";s:1:"Y";s:5:"debug";s:227:"/data/web/media-podcast-api-dev.open.ac.uk/file-transfer/destination/62_1588_testofmetadatadeepencoding%2Fipod-all%2Frss2.xml to /data/web/media-podcast-dev.open.ac.uk/www/feeds/1588_testofmetadatadeepencoding/ipod-all/rss2.xml";s:6:"status";s:1:"Y";s:7:"mqIndex";s:2:"18";s:4:"step";s:1:"3";}i:13;a:11:{s:11:"source_path";s:44:"1588_testofmetadatadeepencoding/desktop-all/";s:15:"source_filename";s:8:"rss2.xml";s:16:"destination_path";s:44:"1588_testofmetadatadeepencoding/desktop-all/";s:20:"destination_filename";s:8:"rss2.xml";s:7:"cqIndex";s:2:"63";s:6:"number";i:14;s:6:"result";s:1:"Y";s:5:"debug";s:233:"/data/web/media-podcast-api-dev.open.ac.uk/file-transfer/destination/63_1588_testofmetadatadeepencoding%2Fdesktop-all%2Frss2.xml to /data/web/media-podcast-dev.open.ac.uk/www/feeds/1588_testofmetadatadeepencoding/desktop-all/rss2.xml";s:6:"status";s:1:"Y";s:7:"mqIndex";s:2:"18";s:4:"step";s:1:"3";}i:14;a:11:{s:11:"source_path";s:37:"1588_testofmetadatadeepencoding/epub/";s:15:"source_filename";s:8:"rss2.xml";s:16:"destination_path";s:37:"1588_testofmetadatadeepencoding/epub/";s:20:"destination_filename";s:8:"rss2.xml";s:7:"cqIndex";s:2:"64";s:6:"number";i:15;s:6:"result";s:1:"Y";s:5:"debug";s:219:"/data/web/media-podcast-api-dev.open.ac.uk/file-transfer/destination/64_1588_testofmetadatadeepencoding%2Fepub%2Frss2.xml to /data/web/media-podcast-dev.open.ac.uk/www/feeds/1588_testofmetadatadeepencoding/epub/rss2.xml";s:6:"status";s:1:"Y";s:7:"mqIndex";s:2:"18";s:4:"step";s:1:"3";}}', 1, 'C'),
(19, 'deliver-without-transcoding', 3, 2, 0, '2011-08-25 10:13:15', '2011-08-25 10:14:00', 'a:1:{i:0;a:16:{s:11:"source_path";s:32:"1588_testofmetadatadeepencoding/";s:16:"destination_path";s:41:"1588_testofmetadatadeepencoding/ipod-all/";s:15:"source_filename";s:40:"15225_Maid_with_the_Flaxen_Hair-____.mp3";s:20:"destination_filename";s:35:"15225_Maid_with_the_Flaxen_Hair.mp3";s:15:"podcast_item_id";s:5:"15225";s:8:"workflow";s:19:"not-for-transcoding";s:17:"original_filename";N;s:7:"flavour";s:8:"ipod-all";s:8:"duration";s:4:"1.35";s:7:"cqIndex";s:2:"67";s:6:"number";i:1;s:6:"result";s:1:"Y";s:5:"debug";s:275:"/data/web/media-podcast-api-dev.open.ac.uk/file-transfer/destination/67_1588_testofmetadatadeepencoding%2F15225_Maid_with_the_Flaxen_Hair-____.mp3 to /data/web/media-podcast-dev.open.ac.uk/www/feeds/1588_testofmetadatadeepencoding/ipod-all/15225_Maid_with_the_Flaxen_Hair.mp3";s:6:"status";s:1:"Y";s:7:"mqIndex";s:2:"19";s:4:"step";s:1:"8";}}', 1, 'N'),
(20, 'update-file-metadata', 1, 0, 0, '2011-08-25 10:13:57', NULL, '', 0, 'N'),
(21, 'update-file-metadata', 1, 0, 0, '2011-08-25 10:14:00', '2011-08-25 10:14:04', 'a:1:{i:0;a:9:{s:16:"destination_path";s:41:"1588_testofmetadatadeepencoding/ipod-all/";s:20:"destination_filename";s:35:"15225_Maid_with_the_Flaxen_Hair.mp3";s:9:"meta_data";b:0;s:7:"cqIndex";s:2:"68";s:6:"number";i:1;s:6:"result";s:1:"Y";s:6:"status";s:1:"Y";s:7:"mqIndex";s:2:"21";s:4:"step";s:1:"2";}}', 1, 'C');
